timestamp,open,high,low,close,volume
2023-05-22,26749.5,27130.0,26512.4,26854.73,11107.292726275178
2023-05-23,26854.09,27543.0,26803.46,27221.5,14824.598577487695
2023-05-24,27222.86,27239.0,26067.0,26321.4,21877.212701425156
2023-05-25,26321.42,26644.0,25864.35,26479.06,15340.26441163546
2023-05-26,26479.15,26950.0,26334.33,26736.0,13750.19948724065
2023-05-27,26711.56,26943.6,26554.8,26873.7,5205.7141697810175
2023-05-28,26873.7,28277.56,26780.11,28070.04,14971.238493283887
2023-05-29,28070.04,28475.0,27534.81,27744.82,15110.209850128836
2023-05-30,27744.81,28069.0,27555.0,27699.2,15964.481932342085
2023-05-31,27700.68,27856.0,26841.3,27223.08,20024.682809454822
2023-06-01,27215.1,27360.31,26571.5,26828.42,15624.627721330367
2023-06-02,26832.0,27312.2,26500.1,27250.69,15817.393506223014
2023-06-03,27252.67,27344.6,26923.35,27077.6,5092.018436740317
2023-06-04,27078.27,27489.0,26958.98,27126.0,5480.958993490616
2023-06-05,27122.03,27137.75,25391.0,25741.5,25268.38098465086
2023-06-06,25742.0,27368.67,25331.0,27243.63,26219.780620328514
2023-06-07,27243.45,27402.79,26121.06,26346.41,22394.40500206427
2023-06-08,26347.09,26845.0,26212.63,26506.7,11347.771070794155
2023-06-09,26505.71,26804.0,26275.4,26482.81,13009.200842117873
2023-06-10,26482.8,26556.0,25385.52,25856.1,23209.88243884472
2023-06-11,25856.1,26233.0,25648.0,25937.02,10671.399004254463
2023-06-12,25936.98,26125.0,25616.98,25905.82,12999.085856006695
2023-06-13,25927.0,26455.0,25710.78,25930.23,17855.17477048523
2023-06-14,25929.35,26113.0,24818.0,25123.34,19928.7054278075
2023-06-15,25124.0,25766.0,24750.0,25569.99,24162.28738188538
2023-06-16,25569.99,26570.0,25140.0,26329.6,21407.07719975411
2023-06-17,26329.6,26857.0,26165.98,26506.56,9792.274539664142
2023-06-18,26507.97,26729.0,26245.27,26336.46,7100.6741179220035
2023-06-19,26336.46,27075.0,26250.0,26837.78,14144.69529970422
2023-06-20,26858.0,28417.11,26637.41,28320.43,38390.596724384275
2023-06-21,28320.41,30801.0,28271.67,29995.08,44384.067834447866
2023-06-22,29999.85,30527.0,29539.57,29886.31,26202.76174347193
2023-06-23,29886.25,31443.67,29802.65,30707.61,31244.359926668683
2023-06-24,30687.7,30820.0,30254.6,30547.18,9623.04634108292
2023-06-25,30547.3,31070.0,30250.0,30480.24,8909.245022132367
2023-06-26,30480.24,30685.0,29900.0,30264.2,16345.89278619019
2023-06-27,30272.24,31020.54,30223.6,30697.38,16409.937258682614
2023-06-28,30696.06,30731.0,29834.2,30074.94,13861.890732947553
2023-06-29,30074.93,30849.0,30036.18,30450.6,16071.586503792712
2023-06-30,30445.67,31300.0,29375.6,30466.72,35670.901109556755
2023-07-01,30475.0,30689.0,30312.8,30587.21,5668.988561250497
2023-07-02,30591.7,30830.0,30165.39,30613.51,6257.883407050745
2023-07-03,30622.7,31416.0,30569.0,31161.8,15271.621762194267
2023-07-04,31145.0,31347.0,30622.6,30771.25,10579.804887839318
2023-07-05,30781.9,30898.0,30160.4,30499.27,12416.592969233187
2023-07-06,30499.27,31631.0,29850.0,29899.38,24227.16805427962
2023-07-07,29929.0,30469.0,29699.0,30352.08,14694.198581175911
2023-07-08,30339.1,30406.0,30047.78,30291.69,4961.0467279406175
2023-07-09,30294.3,30474.0,30066.95,30168.38,5233.561888120906
2023-07-10,30168.26,31060.0,29955.0,30419.89,16471.34854785529
2023-07-11,30419.89,30836.0,30304.45,30626.55,13116.437772481968
2023-07-12,30623.9,31000.0,30200.0,30381.81,18463.20537516335
2023-07-13,30383.26,31862.21,30217.1,31471.83,33792.50515539889
2023-07-14,31471.83,31663.0,29920.31,30330.52,25827.075092995274
2023-07-15,30330.93,30419.0,30254.67,30301.65,3556.333953780876
2023-07-16,30316.0,30484.0,30069.0,30247.64,5357.030840950639
2023-07-17,30239.3,30353.0,29668.58,30143.08,14200.084152763306
2023-07-18,30143.08,30269.0,29500.0,29861.93,14463.178180723802
2023-07-19,29861.92,30221.0,29757.44,29916.72,11104.748993392475
2023-07-20,29912.7,30438.0,29564.19,29809.13,14983.417181682817
2023-07-21,29797.9,30091.0,29720.3,29940.0,10002.798110821392
2023-07-22,29907.15,30035.0,29626.86,29821.0,4458.036812860215
2023-07-23,29766.7,30380.0,29733.55,30081.61,5846.190663720914
2023-07-24,30082.4,30125.0,28850.0,29176.98,18669.30506199228
2023-07-25,29176.98,29404.0,29046.0,29225.14,8707.846446461695
2023-07-26,29225.11,29721.0,29089.54,29353.23,12414.496458241445
2023-07-27,29336.1,29601.0,29071.7,29214.92,9325.62334759181
2023-07-28,29214.93,29578.0,29112.8,29316.15,8528.842487050853
2023-07-29,29316.05,29444.0,29253.44,29355.71,3673.0643958601063
2023-07-30,29360.5,29488.0,29033.0,29281.39,5324.445119430477
2023-07-31,29280.41,29560.0,29102.65,29230.67,10691.259022521295
2023-08-01,29227.6,29755.0,28477.0,29697.27,22241.788804542226
2023-08-02,29733.0,30076.0,28903.79,29164.22,22043.70679524385
2023-08-03,29152.3,29442.0,28938.93,29174.18,11459.867402137947
2023-08-04,29187.2,29337.0,28747.1,29076.48,9087.980591851609
2023-08-05,29073.0,29153.0,28946.17,29047.1,3315.8402369599776
2023-08-06,29047.33,29198.0,28952.1,29040.01,3303.791016160187
2023-08-07,29040.01,29289.0,28628.9,29179.21,12296.219336620945
2023-08-08,29179.0,30284.0,29104.65,29770.01,20377.372964741095
2023-08-09,29766.6,30170.0,29344.16,29562.76,14079.43509435958
2023-08-10,29597.0,29745.0,29306.0,29424.03,10023.34769761284
2023-08-11,29424.04,29557.0,29208.1,29400.45,8096.4004259411195
2023-08-12,29399.0,29497.0,29349.98,29416.96,2492.4863888601462
2023-08-13,29412.5,29477.0,29247.15,29275.94,2890.8231689202344
2023-08-14,29315.0,29689.0,29072.96,29405.49,9101.782905751814
2023-08-15,29405.49,29499.0,29046.58,29170.14,7503.032885700751
2023-08-16,29200.0,29255.0,28690.37,28700.51,12211.064930092502
2023-08-17,28729.0,28779.0,24713.0,26627.57,38641.14783436029
2023-08-18,26627.21,26834.37,25607.1,26048.89,26342.97870755496
2023-08-19,26048.9,26288.0,25793.11,26096.42,7832.977927251492
2023-08-20,26096.4,26314.0,25975.01,26189.14,5528.788231450634
2023-08-21,26189.36,26279.0,25807.3,26125.18,12080.833109381849
2023-08-22,26125.16,26156.0,25350.0,26040.4,15130.652898756014
2023-08-23,26040.5,26840.0,25796.47,26427.54,19335.25241160595
2023-08-24,26417.5,26599.0,25850.0,26163.49,12251.075807504776
2023-08-25,26160.0,26326.0,25750.0,26049.8,13627.25715478573
2023-08-26,26049.4,26192.0,25971.44,26009.61,2428.6151377800015
2023-08-27,26002.4,26198.0,25961.81,26091.16,2641.8155278200265
2023-08-28,26091.16,26264.0,25850.0,26109.6,7495.415498601789
2023-08-29,26109.6,28193.0,25903.18,27717.98,28801.74250841158
2023-08-30,27749.0,27793.0,27005.2,27306.06,13116.56946325353
2023-08-31,27326.0,27605.5,25660.61,25932.45,20462.049334663145
2023-09-01,25936.3,26166.0,25307.37,25794.88,19587.91629530504
2023-09-02,25808.3,25995.0,25707.3,25869.7,5599.54531629039
2023-09-03,25869.7,26137.0,25792.29,25969.83,4507.97003508028
2023-09-04,25969.4,26100.0,25627.0,25816.13,6209.08498182062
2023-09-05,25806.3,25909.0,25551.36,25783.91,8015.552952651303
2023-09-06,25788.8,26067.0,25358.0,25747.63,11669.671648812791
2023-09-07,25747.63,26487.7,25595.8,26276.3,14267.79248401322
2023-09-08,26274.0,26460.41,25640.1,25906.34,14189.402185534143
2023-09-09,25905.3,25950.0,25791.45,25891.3,2829.6755997102314
2023-09-10,25891.3,26042.0,25578.01,25831.76,5827.520567851061
2023-09-11,25831.77,25904.0,24900.0,25152.14,17908.90558831693
2023-09-12,25163.4,26575.0,25120.76,25840.61,25906.862011178222
2023-09-13,25839.95,27212.0,25763.43,26226.65,13871.095750043589
2023-09-14,26238.0,26869.06,26128.25,26532.76,18076.43217570317
2023-09-15,26535.5,26910.0,26213.96,26602.42,12984.52418452192
2023-09-16,26610.1,26792.0,26453.32,26569.69,4955.600235679828
2023-09-17,26575.0,26634.0,26405.04,26530.95,3981.5119427502163
2023-09-18,26543.0,27468.1,26382.13,26764.49,23409.416034508627
2023-09-19,26758.3,27508.0,26666.93,27216.13,18876.088876450194
2023-09-20,27216.52,27414.0,26798.98,27123.94,15216.856085745956
2023-09-21,27135.1,27167.0,26358.2,26567.6,15860.777258264943
2023-09-22,26567.6,26749.0,26467.94,26578.4,11976.665982702314
2023-09-23,26578.4,26810.0,26500.0,26579.6,4036.447193950329
2023-09-24,26579.59,26768.0,26118.86,26250.24,7344.407919350665
2023-09-25,26293.0,26466.0,25983.78,26296.08,14875.143177963193
2023-09-26,26289.8,26410.0,26080.0,26208.44,9176.83630199953
2023-09-27,26214.9,26876.0,26088.37,26359.9,18060.025435709216
2023-09-28,26357.56,27335.0,26321.37,27027.14,22561.245505560048
2023-09-29,27027.3,27264.0,26661.71,26907.0,15814.497181300825
2023-09-30,26920.1,27110.0,26884.86,26961.0,5336.814536240815
2023-10-01,26972.1,28105.0,26955.25,27995.46,12382.31513936321
2023-10-02,27995.46,28613.37,27298.0,27504.04,32706.12199481325
2023-10-03,27532.0,27700.0,27160.47,27428.96,17370.88515368263
2023-10-04,27428.96,27846.0,27208.65,27786.75,12788.35884951181
2023-10-05,27800.0,28140.0,27358.05,27413.8,18001.332540909603
2023-10-06,27413.8,28297.0,27173.41,27945.17,17232.89093354511
2023-10-07,27947.8,28040.84,27840.0,27976.43,4748.550423800992
2023-10-08,27973.4,28109.94,27708.6,27933.55,5098.696867750869
2023-10-09,27933.54,28003.7,27268.63,27596.67,15594.71608394797
2023-10-10,27586.1,27752.0,27291.81,27393.29,13125.717596612725
2023-10-11,27397.3,27492.0,26521.32,26869.19,21529.99629811929
2023-10-12,26868.2,26964.0,26537.72,26750.51,10925.69028405186
2023-10-13,26794.0,27140.0,26662.62,26867.9,11661.449196250906
2023-10-14,26867.9,26995.0,26797.0,26851.71,3878.526884900356
2023-10-15,26851.71,27304.0,26806.06,27186.13,7710.0875256911695
2023-10-16,27186.13,30208.0,27119.9,28520.24,48566.44292996274
2023-10-17,28516.8,28637.21,28083.19,28410.0,17326.46674800579
2023-10-18,28408.51,28999.98,28151.6,28326.51,14876.443152926226
2023-10-19,28326.24,28955.0,28122.57,28726.9,16596.19519741294
2023-10-20,28734.51,30260.0,28591.85,29684.73,27061.412863866142
2023-10-21,29680.9,30369.0,29475.06,29924.84,9412.677030121653
2023-10-22,29925.91,30275.0,29668.0,30004.15,7552.858811070171
2023-10-23,30004.14,35000.0,29890.89,33087.58,47149.55282034107
2023-10-24,33084.4,35225.0,32851.0,33922.52,51659.28557555184
2023-10-25,33921.6,35152.0,33690.91,34506.35,24827.736185113954
2023-10-26,34504.33,34843.04,33717.2,34154.71,20751.57895983245
2023-10-27,34153.35,34269.0,33318.6,33906.09,17678.598332582693
2023-10-28,33915.1,34531.0,33852.8,34085.42,6346.222647200909
2023-10-29,34085.42,34783.0,33937.31,34534.48,8560.598133881818
2023-10-30,34534.48,34953.4,34077.9,34493.79,14077.711118352741
2023-10-31,34508.1,34732.18,34038.79,34656.4,12530.454739981622
2023-11-01,34653.9,35647.19,34079.46,35440.1,21990.99457728188
2023-11-02,35441.7,35997.8,34311.73,34950.0,19633.25642191019
2023-11-03,34947.92,34954.6,34100.0,34731.27,17580.765055601223
2023-11-04,34730.32,35296.0,34599.85,35090.3,7015.023593800654
2023-11-05,35091.1,35439.0,34479.0,35035.42,8328.056750291418
2023-11-06,35035.79,35323.0,34753.66,35059.46,9031.178320961637
2023-11-07,35028.6,35963.0,34518.0,35416.28,17389.498627963476
2023-11-08,35449.1,36113.59,35100.0,35639.13,15511.345017905101
2023-11-09,35639.13,37999.0,35517.3,36706.59,41092.963234284776
2023-11-10,36702.5,37548.8,36334.46,37301.0,20591.50023106141
2023-11-11,37311.7,37424.03,36651.0,37139.12,8286.818863001703
2023-11-12,37139.94,37247.0,36727.3,37086.03,4941.516481990443
2023-11-13,37053.9,37444.0,36351.0,36494.1,15049.499597457863
2023-11-14,36494.1,36756.16,34666.0,35554.09,22715.548636068837
2023-11-15,35554.1,37987.0,35358.45,37885.35,26381.792416145643
2023-11-16,37856.0,37958.75,35511.11,36161.15,25829.054796816865
2023-11-17,36161.15,36888.0,35851.2,36625.0,17689.67674299156
2023-11-18,36631.56,36857.15,36205.89,36594.89,4961.651855590686
2023-11-19,36596.14,37546.62,36404.52,37391.19,6637.247370100936
2023-11-20,37379.0,37784.07,36620.0,37475.64,19933.89923549112
2023-11-21,37480.5,37675.77,35744.9,35751.89,29781.556916316415
2023-11-22,35756.0,37888.0,35633.0,37424.31,25815.682909892173
2023-11-23,37428.1,37653.67,36874.7,37300.9,11255.70344309498
2023-11-24,37300.9,38454.0,37248.0,37745.84,25398.319833813806
2023-11-25,37746.29,37920.27,37583.0,37805.99,5900.593432540458
2023-11-26,37781.0,37842.17,37117.0,37462.79,9283.43340594138
2023-11-27,37469.9,37578.42,36715.1,37241.63,17398.233303532234
2023-11-28,37254.1,38425.96,36873.55,37838.26,23519.594636871952
2023-11-29,37838.26,38480.0,37555.0,37863.84,18729.83823372214
2023-11-30,37864.79,38152.18,37490.0,37732.27,10547.50291791071
2023-12-01,37732.27,39000.0,37618.0,38703.54,22789.851736040953
2023-12-02,38690.0,39740.0,38634.0,39478.95,12361.73849266264
2023-12-03,39467.42,40221.22,39253.0,39984.81,10699.749838323205
2023-12-04,39975.1,42415.5,39476.0,41987.24,32400.89486495723
2023-12-05,41983.0,45000.0,40849.0,44084.39,34916.9349298997
2023-12-06,44086.33,44297.0,43335.5,43761.7,24660.42372229832
2023-12-07,43809.0,44091.0,42846.53,43280.95,18639.499968512984
2023-12-08,43288.1,44754.99,43086.0,44192.87,19135.757218053423
2023-12-09,44192.86,44384.68,43586.14,43723.25,8473.693434901174
2023-12-10,43722.84,44066.0,43562.06,43793.68,6232.076501981144
2023-12-11,43793.67,43842.0,39999.0,41229.61,35445.40136005956
2023-12-12,41236.9,42300.0,40636.51,41477.39,18143.572584052064
2023-12-13,41477.6,43475.0,40553.15,42885.54,20914.557157635176
2023-12-14,42889.1,43470.0,41359.0,43027.77,20503.47930140568
2023-12-15,43027.77,43106.0,41640.51,41933.89,14295.062770914623
2023-12-16,41934.84,42746.0,41626.66,42237.29,7450.71614399271
2023-12-17,42235.23,42448.0,41222.0,41349.59,10630.181342181319
2023-12-18,41349.59,42773.0,40508.0,42650.01,18252.33167576893
2023-12-19,42644.7,43529.0,41780.0,42266.22,17413.69422059899
2023-12-20,42267.1,44363.0,42184.48,43674.77,25467.63944575013
2023-12-21,43630.0,44250.0,43295.78,43875.32,16951.863061412543
2023-12-22,43875.56,44444.0,43412.82,44013.73,14334.761922780774
2023-12-23,43997.0,44068.0,43314.0,43726.35,5872.449681220971
2023-12-24,43728.36,43985.67,42614.17,43025.03,7990.304476221853
2023-12-25,43014.9,43881.0,42755.35,43589.67,7350.270069471242
2023-12-26,43604.1,43649.0,41600.67,42515.53,18140.77213837275
2023-12-27,42519.1,43709.98,42111.47,43474.4,16064.1387541575
2023-12-28,43469.06,43830.34,42265.08,42581.23,17412.882144823063
2023-12-29,42581.23,43175.0,41300.0,42063.45,21003.815934003112
2023-12-30,42097.9,42665.0,41518.19,42141.03,13585.531731741532
2023-12-31,42139.32,42939.0,41964.68,42288.06,13553.305702442558
2024-01-01,42241.1,44240.8,42175.65,44220.78,11571.132272252362
2024-01-02,44180.8,45925.82,44113.2,44972.8,39113.6281522264
2024-01-03,44972.81,45559.0,39501.0,42862.44,43428.97340344553
2024-01-04,42860.58,44810.0,42650.0,44193.29,23483.267113926853
2024-01-05,44198.35,44449.0,42413.0,44186.59,23295.117121494848
2024-01-06,44179.9,44263.0,43436.5,44018.0,7422.341112331489
2024-01-07,43960.0,44510.01,43627.0,43959.0,8044.732283182773
2024-01-08,43954.52,47330.0,43200.44,46995.1,37061.96436286115
2024-01-09,46989.5,47988.0,44500.0,46124.08,38524.350057053976
2024-01-10,46120.79,47732.5,44268.0,46666.11,49773.3582634139
2024-01-11,46654.0,49102.29,45555.55,46350.4,50944.64533833511
2024-01-12,46350.4,46522.2,41444.97,42773.03,59970.9527363467
2024-01-13,42775.1,43250.0,42427.0,42839.33,13737.624864085004
2024-01-14,42827.9,43075.0,41680.73,41697.33,11736.23537913369
2024-01-15,41698.13,43369.0,41680.0,42520.0,14184.84569772358
2024-01-16,42499.3,43588.0,42028.02,43130.45,21236.810862302398
2024-01-17,43130.35,43215.0,42160.0,42739.49,19248.80836952228
2024-01-18,42737.68,42932.0,40600.05,41293.5,29890.466539984263
2024-01-19,41290.57,42212.0,40236.49,41624.07,27855.61115430643
2024-01-20,41623.94,41944.0,40000.0,41666.67,7096.28753251149
2024-01-21,41666.67,42260.0,41472.49,41554.05,5268.617377100797
2024-01-22,41670.0,41775.0,39372.44,39524.27,33767.231491860824
2024-01-23,39510.0,40215.0,38501.0,39878.3,28114.91671063499
2024-01-24,39878.28,40599.0,39382.15,40069.8,21769.698772998032
2024-01-25,40079.87,40333.0,39503.0,39941.66,16735.523332165852
2024-01-26,39941.66,42243.14,39805.95,41814.8,25444.491195520382
2024-01-27,41814.96,42204.0,41383.94,42126.55,5516.929458381651
2024-01-28,42126.55,42839.07,41617.53,42034.59,6906.719029741704
2024-01-29,42025.0,43333.0,41787.35,43269.5,15637.156951694247
2024-01-30,43272.7,43872.99,42680.2,42942.78,19919.379506534315
2024-01-31,42955.0,43742.3,42265.77,42548.08,19446.882335773065
2024-02-01,42551.7,43276.19,41846.04,43075.2,15130.836461533445
2024-02-02,43075.3,43700.0,42527.58,43181.66,15165.356765253753
2024-02-03,43183.62,43366.0,42863.58,43010.67,3069.056594700402
2024-02-04,43007.82,43109.0,42228.01,42568.55,3898.363555500461
2024-02-05,42591.3,43540.0,42235.0,42657.67,11374.964509474737
2024-02-06,42650.0,43387.0,42516.07,43095.79,9990.22960118174
2024-02-07,43085.0,44430.0,42760.44,44343.61,17944.147697913057
2024-02-08,44330.0,45637.38,44323.0,45329.6,24499.503102522547
2024-02-09,45280.0,48230.02,45246.0,47160.41,30597.29528200841
2024-02-10,47157.01,48190.0,46889.53,47767.06,8000.422264321736
2024-02-11,47767.06,48614.0,47580.9,48316.3,8336.231897111864
2024-02-12,48321.14,50363.42,47642.0,49941.81,28044.659629649363
2024-02-13,49941.95,50423.42,48240.0,49725.36,26690.211311180094
2024-02-14,49750.1,52136.8,49253.92,51858.59,28019.370171001457
2024-02-15,51835.2,52890.0,51280.0,51934.29,25013.753372190306
2024-02-16,51947.1,52608.2,51580.0,52162.64,17144.98668249129
2024-02-17,52185.3,52214.05,50130.0,51700.0,8883.469746892166
2024-02-18,51700.1,52451.0,51165.0,52153.63,6551.295609511554
2024-02-19,52157.1,52501.01,51648.0,51787.05,8822.595329122643
2024-02-20,51771.2,53000.0,50584.0,52167.0,23028.060137330795
2024-02-21,52270.1,52394.91,50439.0,51851.67,18117.36174936655
2024-02-22,51866.9,52100.0,50890.2,51258.7,16898.38186680822
2024-02-23,51300.1,51537.0,50227.0,50737.0,14216.24826204933
2024-02-24,50739.4,51736.0,50576.55,51570.65,5331.982110101079
2024-02-25,51554.5,51967.82,51275.01,51731.0,6111.003062901675
2024-02-26,51733.8,54980.0,50871.0,54533.48,32020.825000955032
2024-02-27,54525.4,57646.81,54384.0,57077.07,38515.80831857773
2024-02-28,57077.08,64100.0,56000.4,62518.9,65601.92862209708
2024-02-29,62489.8,63675.48,60108.8,61180.9,47621.038243198884
2024-03-01,61179.03,63267.18,60500.0,62436.72,30681.328374492583
2024-03-02,62439.74,62500.0,61584.0,62045.78,10456.558672512736
2024-03-03,62045.78,63260.0,61350.0,63178.2,10579.410340873275
2024-03-04,63155.74,68602.98,62216.0,68098.0,52133.16140926825
2024-03-05,68356.7,69324.58,59008.0,63800.78,85476.96548048228
2024-03-06,63802.15,67681.0,62783.0,66122.28,44033.02548165077
2024-03-07,66115.48,68098.09,65595.0,66938.21,27523.51610418382
2024-03-08,66938.21,70199.0,65200.0,68289.16,42812.29373757517
2024-03-09,68289.16,68700.41,67719.0,68480.0,11795.36766444294
2024-03-10,68480.01,70000.0,68047.0,68951.0,17430.37948084603
2024-03-11,69032.8,72943.98,67000.0,72110.98,44952.35231810567
2024-03-12,72100.1,73027.63,68357.0,71475.93,40257.052183758606
2024-03-13,71473.43,73709.99,70976.0,73135.04,27339.186181919315
2024-03-14,73135.04,73835.57,68454.47,71364.58,42665.71858346498
2024-03-15,71364.58,72500.0,65460.0,69520.0,51116.259752913196
2024-03-16,69514.87,70071.0,64774.05,65254.22,22452.370880193022
2024-03-17,65254.22,68927.0,64505.0,68343.64,18896.250819064913
2024-03-18,68354.29,68940.0,66562.65,67613.04,25258.280699166615
2024-03-19,67600.0,68136.39,61506.0,61906.27,53882.12499433056
2024-03-20,62022.0,68202.0,60771.14,67858.8,49516.82253871595
2024-03-21,67855.88,68280.0,64525.0,65484.7,24555.48664048687
2024-03-22,65478.98,66712.0,62201.0,63814.56,23774.14154240207
2024-03-23,63814.56,66029.09,63013.19,63998.86,10615.216697072612
2024-03-24,63998.87,67949.0,63785.57,67204.93,10359.231325392617
2024-03-25,67212.69,71269.92,66381.84,69890.28,31307.104575000012
2024-03-26,69950.1,71582.96,69116.8,70000.1,20155.068485687792
2024-03-27,69994.9,71789.85,68251.0,69437.3,26781.64595618427
2024-03-28,69437.2,71635.99,68800.0,70801.18,19933.541979907975
2024-03-29,70786.0,70941.7,69015.0,69903.75,10710.140036532179
2024-03-30,69903.74,70363.25,69569.03,69626.87,4242.4127139807215
2024-03-31,69652.0,71444.0,69587.86,71288.9,6649.246520801482
2024-04-01,71291.5,71373.0,68055.15,69681.1,18513.448805676693
2024-04-02,69681.1,69711.0,64192.0,65464.14,30832.79852348744
2024-04-03,65472.0,66944.06,64500.0,65987.92,17444.035729207495
2024-04-04,65984.18,69634.0,65048.0,68527.4,23624.26045135535
2024-04-05,68528.69,68783.99,65959.0,67856.51,20406.853908779965
2024-04-06,67856.51,69693.1,67379.0,68919.89,6124.067240281255
2024-04-07,68908.6,70312.0,68820.0,69350.34,7901.9930474127605
2024-04-08,69350.36,72777.0,69036.0,71622.53,23223.579051814715
2024-04-09,71650.1,71761.37,68200.0,69117.01,21914.589601101146
2024-04-10,69115.79,71341.0,67463.07,70634.04,21928.775432553433
2024-04-11,70733.0,71444.0,69530.0,70046.4,14372.856794187008
2024-04-12,70103.0,71291.0,65103.0,67148.61,32094.801286557326
2024-04-13,67199.8,69100.0,60495.0,64024.77,37545.51982960271
2024-04-14,64018.6,65909.0,62150.0,65777.05,26538.987589805183
2024-04-15,65700.0,66928.82,62315.08,63452.18,27322.953087577836
2024-04-16,63441.8,64415.0,61551.0,63814.94,22582.62085850296
2024-04-17,63832.6,64534.0,59648.33,61279.36,27908.50173031259
2024-04-18,61284.4,64210.0,60816.07,63513.85,19600.090229615384
2024-04-19,63499.5,65501.0,59573.32,63848.37,29526.060603527425
2024-04-20,63846.0,65465.0,63121.15,64968.87,8034.73000691246
2024-04-21,64993.8,65756.0,64250.0,64952.92,6317.031909871909
2024-04-22,64953.0,68158.0,64520.0,66859.17,14674.208393758543
2024-04-23,66831.4,67253.0,65807.0,66414.16,11216.318416991891
2024-04-24,66419.8,67153.0,63542.56,64255.78,18390.331962421373
2024-04-25,64255.77,65381.0,62743.5,64484.44,16609.340525686952
2024-04-26,64489.1,64839.0,63287.76,63742.39,12487.760915875097
2024-04-27,63750.8,64029.0,62389.0,63425.0,7688.4621976635235
2024-04-28,63425.1,64470.0,62743.81,63108.94,5551.1416021712785
2024-04-29,63114.1,64304.0,61741.01,63844.85,13377.822500071163
2024-04-30,63822.1,64800.0,59040.3,60622.1,26998.48751629146
2024-05-01,60610.0,60991.0,56378.0,58265.59,36306.16835997113
2024-05-02,58267.81,59767.0,56903.79,59071.89,18350.770952150266
2024-05-03,59113.2,63444.0,58821.05,62913.03,22588.06498860277
2024-05-04,62925.8,64644.0,62550.4,63902.88,9341.29545499236
2024-05-05,63898.0,64801.0,62908.34,64023.45,6410.308083120016
2024-05-06,64067.5,65628.0,62704.48,63162.24,15014.69468358998
2024-05-07,63161.7,64480.0,62252.64,62315.76,11742.36228945821
2024-05-08,62325.0,63112.0,60851.04,61169.53,9857.802772441306
2024-05-09,61172.1,63529.0,60601.6,63073.57,10679.227749370395
2024-05-10,63052.0,63612.0,60150.0,60787.47,15163.250328231863
2024-05-11,60790.8,61588.0,60450.13,60805.0,3789.3654638304683
2024-05-12,60805.0,61962.0,60576.05,61453.02,3792.766457371365
2024-05-13,61444.6,63540.0,60738.51,62932.37,11541.77888872016
2024-05-14,62910.0,63175.0,61000.0,61539.84,16135.62462599838
2024-05-15,61539.7,66500.0,61299.57,66244.69,27716.98672330425
2024-05-16,66233.1,66799.0,64557.0,65252.18,15424.821354775437
2024-05-17,65228.4,67618.0,65113.46,67046.33,14778.8951649091
2024-05-18,67043.6,67473.0,66598.0,66923.87,4637.99978324156
2024-05-19,66920.1,67984.0,65852.02,66262.4,4912.141236761148
2024-05-20,66262.5,71560.9,66057.03,71432.17,25837.14890898711
2024-05-21,71432.16,71980.0,69146.01,70145.1,19826.247984224698
2024-05-22,70145.1,70668.0,68725.2,69109.93,14277.429019659008
2024-05-23,69144.1,70500.0,66250.0,67940.45,19011.497148756054
2024-05-24,67947.0,69308.0,66587.91,68547.8,12804.68779944892
2024-05-25,68541.0,69635.0,68487.44,69289.67,3607.6377056903534
2024-05-26,69278.7,69588.0,67971.1,68473.72,2949.5081756000036
2024-05-27,68474.4,70679.0,68210.12,69368.72,7834.055005983865
2024-05-28,69377.8,69597.0,67194.59,68321.98,14590.479766482238
2024-05-29,68325.0,68971.0,67081.66,67569.45,11508.583914956238
2024-05-30,67575.4,69550.0,67092.91,68338.58,14621.039771766613
2024-05-31,68365.0,69028.0,66584.47,67472.41,12714.239392585478
2024-06-01,67498.1,67890.0,67371.28,67719.29,2453.8330691899255
2024-06-02,67717.2,68444.0,67260.0,67735.52,3849.759698749966
2024-06-03,67731.14,70295.78,67568.0,68791.0,14723.958852528283
2024-06-04,68800.0,71108.9,68542.37,70542.32,21220.116937563525
2024-06-05,70558.7,71804.13,70356.49,71121.11,13144.144468488717
2024-06-06,71116.3,71651.0,70093.98,70773.64,9799.946710421866
2024-06-07,70752.1,71974.04,68298.55,69394.0,18017.677623827018
2024-06-08,69317.1,69618.0,69126.22,69304.05,3361.942778500353
2024-06-09,69291.5,69848.94,69101.0,69649.9,2732.338929500212
2024-06-10,69649.9,70187.53,69141.51,69497.73,7800.330256482236
2024-06-11,69522.2,69558.7,66018.69,67316.53,21178.763949751163
2024-06-12,67330.0,70037.0,66883.32,68248.6,20072.119167737404
2024-06-13,68248.59,68474.49,66200.0,66756.5,13688.22604530725
2024-06-14,66776.0,67370.0,65005.0,66004.39,14036.651848974416
2024-06-15,65992.1,66442.0,65794.7,66192.0,2596.392308640016
2024-06-16,66198.1,66947.0,65999.0,66628.75,2936.762575739947
2024-06-17,66630.0,67302.0,65050.0,66481.81,16345.443449501932
2024-06-18,66487.7,66623.0,64010.01,65152.8,19988.966579363736
2024-06-19,65169.7,65820.0,64635.48,64943.79,6315.240569602347
2024-06-20,64949.1,66585.0,64500.0,64840.88,11796.052707424084
2024-06-21,64833.3,65196.0,63300.93,64087.9,12112.126403724447
2024-06-22,64088.0,64613.0,63910.01,64235.01,3181.7524686099146
2024-06-23,64253.0,64618.0,63125.75,63171.43,3176.9550407601346
2024-06-24,63169.36,63461.0,58414.28,60263.0,28056.30550254586
2024-06-25,60297.1,62470.0,60217.36,61789.71,18289.52464370195
2024-06-26,61794.1,62558.0,60656.8,60815.1,13088.536382955564
2024-06-27,60815.2,62499.0,60546.94,61615.39,12724.378121728556
2024-06-28,61617.1,62295.0,59868.0,60313.35,13141.524940790041
2024-06-29,60319.6,61352.0,60273.8,60860.0,4492.243227451966
2024-06-30,60860.0,63131.0,60611.01,62668.26,5696.332467431378
2024-07-01,62680.4,63911.0,62448.46,62830.13,14426.163916093907
2024-07-02,62830.94,63331.0,61000.0,62040.22,12224.288178081297
2024-07-03,62020.0,62386.0,59332.76,60145.01,14682.34715963025
2024-07-04,60146.6,60550.0,56709.73,57042.14,23071.22674860309
2024-07-05,57031.4,57615.0,53219.0,56639.43,35152.88896839365
2024-07-06,56650.1,58538.0,56020.32,58244.75,8930.475579201466
2024-07-07,58234.9,58563.0,55717.23,55854.09,7225.658438742464
2024-07-08,55845.4,58350.0,54278.93,56699.3,23020.714850126384
2024-07-09,56699.3,58422.0,56276.37,58047.86,14464.901770290473
2024-07-10,58001.6,59606.0,57154.1,57712.59,14095.296974441448
2024-07-11,57742.1,59654.0,57036.41,57340.77,14326.025154958345
2024-07-12,57350.0,58653.0,56538.33,57909.03,12770.950487011007
2024-07-13,57911.5,60063.0,57770.92,59224.58,5857.246038272242
2024-07-14,59224.58,61535.0,59209.2,60808.42,8695.192284601419
2024-07-15,60810.0,65014.0,60666.59,64757.16,24915.285135138758
2024-07-16,64764.3,65488.0,62410.33,65088.99,18695.642293493634
2024-07-17,65077.1,66180.0,63853.1,64085.81,13094.35626413802
2024-07-18,64120.1,65200.0,63222.6,63982.86,9745.05126899299
2024-07-19,63960.7,67504.22,63289.15,66707.61,18233.872945320993
2024-07-20,66708.9,67694.0,66271.0,67163.83,5976.406493971239
2024-07-21,67166.1,68479.0,65820.18,68181.28,8257.183857072176
2024-07-22,68137.2,68560.0,66569.42,67558.22,13916.336665492538
2024-07-23,67595.2,67906.0,65444.3,65939.24,13878.06752197512
2024-07-24,65900.8,67241.0,65090.61,65366.4,9997.394193752847
2024-07-25,65503.0,66241.0,63412.46,65795.42,13300.934734938068
2024-07-26,65794.2,68333.0,65705.6,67924.08,12395.841364782367
2024-07-27,67914.7,69529.0,66624.3,67899.41,14034.384472971135
2024-07-28,67912.9,68443.0,67021.8,68244.3,4645.989473308362
2024-07-29,68250.0,70162.0,66400.01,66771.45,17576.558153538645
2024-07-30,66755.4,67179.0,65283.68,66169.68,11131.772096735582
2024-07-31,66175.1,66947.0,64500.0,64609.62,11041.132536383207
2024-08-01,64638.1,65720.0,62212.81,65288.18,19436.30784717
2024-08-02,65462.0,65668.0,61150.0,61418.06,19180.852730612307
2024-08-03,61410.0,62260.0,59819.13,60674.93,11400.965616023303
2024-08-04,60688.6,61213.0,57123.0,58130.95,12979.357049018508
2024-08-05,58103.1,58344.0,49050.01,54029.12,76954.21833159344
2024-08-06,54037.9,57207.0,53965.57,56048.08,21200.509671329637
2024-08-07,56048.07,57833.0,54556.5,55148.1,17584.489229751955
2024-08-08,55144.14,62770.0,54737.32,61705.58,25703.084427459315
2024-08-09,61704.05,61809.0,59552.46,60862.13,15441.16129496134
2024-08-10,60859.9,61535.0,60255.61,60935.02,4072.180394310697
2024-08-11,60951.8,61916.0,58312.63,58722.49,7229.82173128255
2024-08-12,58816.0,60764.0,57653.31,59358.78,14679.667887531443
2024-08-13,59359.5,61635.0,58402.01,60603.19,14090.427734036131
2024-08-14,60600.1,61898.0,58453.56,58690.62,16068.132437005446
2024-08-15,58693.7,59909.0,56117.7,57543.61,17870.155616311316
2024-08-16,57543.57,59905.0,57096.56,58888.99,13998.514233815686
2024-08-17,58895.6,59800.0,58803.45,59497.49,3375.598654760669
2024-08-18,59473.4,60313.0,58422.0,58466.5,5635.251630860595
2024-08-19,58466.5,59700.0,57820.0,59452.67,10140.854179935173
2024-08-20,59493.7,61472.0,58571.96,59017.59,14259.3192599301
2024-08-21,59017.59,61898.0,58793.89,61163.28,16511.424216527652
2024-08-22,61179.8,61467.0,59750.0,60383.29,11537.926427695276
2024-08-23,60391.1,65074.0,60343.2,64087.4,21733.658387375428
2024-08-24,64087.5,64609.0,63564.22,64179.63,6231.75926651095
2024-08-25,64176.1,65200.0,63793.74,64251.93,4954.719307530248
2024-08-26,64288.1,64579.0,62806.8,62966.0,12256.332805385944
2024-08-27,62851.1,63307.0,58009.6,59439.64,17668.880767997412
2024-08-28,59458.0,60330.0,57851.62,59045.88,12730.966862985191
2024-08-29,59025.6,61290.0,58717.4,59385.5,13390.994139785862
2024-08-30,59385.5,60102.0,57700.0,59112.77,12801.433110229189
2024-08-31,59110.0,59622.0,58736.9,58968.37,2737.2740956604825
2024-09-01,58968.37,59236.0,57200.0,57299.0,7421.114477814753
2024-09-02,57318.5,59588.0,57119.01,59139.83,6932.6479858029015
2024-09-03,59305.0,59976.0,57394.49,57468.84,10681.679466690335
2024-09-04,57482.4,58632.0,55555.0,57971.0,18103.70367437131
2024-09-05,57970.1,58451.0,55601.5,56156.82,16459.691040708483
2024-09-06,56163.9,57123.0,52530.0,53950.01,24644.355583965902
2024-09-07,53948.3,55084.0,53733.1,54156.33,5599.344510441847
2024-09-08,54146.5,55448.0,53623.95,54881.11,5724.479945091327
2024-09-09,54856.9,58180.0,54565.56,57053.9,13946.304867186069
2024-09-10,57062.7,58136.0,56377.76,57645.59,7933.797438274136
2024-09-11,57630.0,58104.0,55534.41,57352.79,14972.725579153224
2024-09-12,57350.7,58652.0,57339.0,58287.0,2188.9460236599507
2024-09-13,58133.4,60730.0,57658.3,60581.0,4137.086139771104
2024-09-14,60581.1,60713.0,59478.3,60000.1,1340.1307840898917
2024-09-15,60000.2,60525.0,58679.1,59135.1,1742.5502641299147
2024-09-16,59135.1,59336.0,57488.7,58342.0,2013.731861909849
2024-09-17,58209.76,61373.41,57619.9,60317.2,15177.336311951896
2024-09-18,60317.1,61875.0,59164.6,61853.0,14828.24056214259
2024-09-19,61853.0,63950.0,61569.16,62960.14,18538.10556177919
2024-09-20,62922.2,64200.0,62340.0,63210.69,13348.426928740102
2024-09-21,63210.3,63614.0,62755.0,63362.74,3930.2605826512345
2024-09-22,63376.1,64093.0,62380.55,63577.66,5689.961209742116
2024-09-23,63615.2,64842.0,62566.28,63338.87,10142.376606534242
2024-09-24,63338.85,64775.0,62689.15,64272.93,11178.598893869284
2024-09-25,64272.93,64888.0,62917.4,63130.89,7774.562229972608
2024-09-26,63139.2,65888.0,62652.99,65177.21,16007.952402671694
2024-09-27,65179.3,66587.0,64827.85,65789.0,11747.786235480728
2024-09-28,65788.8,66410.0,65400.0,65858.99,3289.4598000003825
2024-09-29,65862.7,66193.0,65433.29,65600.01,3350.2092215804673
2024-09-30,65600.01,65759.0,62833.95,63301.25,13459.538343779934
2024-10-01,63305.52,64217.0,60150.89,60790.0,19449.702597201
2024-10-02,60819.1,62480.0,59969.2,60631.37,11132.966936820512
2024-10-03,60643.9,61600.0,59824.87,60744.99,9986.416405131686
2024-10-04,60739.7,62575.0,60451.6,62090.71,9925.186048371037
2024-10-05,62081.0,62437.0,61686.34,62051.29,2565.1495883702632
2024-10-06,62051.58,63033.0,61805.85,62810.86,2866.6550394504666
2024-10-07,62809.4,64514.0,62113.28,62202.02,13062.161552063155
2024-10-08,62203.82,63248.0,61824.48,62122.02,8436.892346120167
2024-10-09,62120.6,62587.0,60255.0,60578.28,9442.73723277974
2024-10-10,60558.0,61364.0,58863.9,60279.53,12779.14307784773
2024-10-11,60275.9,63455.0,60029.98,62518.75,13819.150361003301
2024-10-12,62502.5,63590.0,62464.15,63187.46,4907.547548191803
2024-10-13,63184.9,63406.0,62029.9,62845.3,3655.9236716305513
2024-10-14,62834.9,66555.0,62426.67,66065.65,16820.133341747965
2024-10-15,66065.64,67944.76,64686.1,67056.6,21695.15322099572
2024-10-16,67056.0,68399.0,66743.0,67608.44,15605.5610760083
2024-10-17,67654.0,67962.0,66629.97,67402.33,9872.01222976347
2024-10-18,67399.86,69000.62,67149.24,68426.11,14198.50045931749
2024-10-19,68440.2,68689.29,68005.83,68363.73,2451.2068643895236
2024-10-20,68375.0,69402.0,68083.18,69014.86,3637.4799384711355
2024-10-21,69010.5,69586.0,66802.0,67346.15,13050.65699498158
2024-10-22,67385.1,67824.0,66535.0,67387.6,10325.276966412528
2024-10-23,67384.2,67436.0,65149.51,66601.11,11070.982528251207
2024-10-24,66630.5,68846.0,66445.32,68156.84,12174.307437480269
2024-10-25,68170.1,68750.0,65500.01,66564.51,16936.899741887195
2024-10-26,66564.51,67446.0,66331.95,67012.56,3632.082239570938
2024-10-27,67026.1,68328.0,66836.78,67943.19,3708.1442675101575
2024-10-28,67943.18,70287.0,67532.48,69924.5,19515.936766384508
2024-10-29,69912.0,73624.98,69705.76,72724.35,26341.84130782161
2024-10-30,72661.0,73060.0,71400.0,72322.91,15702.655274571865
2024-10-31,72331.1,72684.02,69559.33,70197.83,16980.776843818523
2024-11-01,70250.1,71653.0,68720.0,69467.29,18602.71152612601
2024-11-02,69490.1,69939.0,69000.0,69358.94,3362.6315947103817
2024-11-03,69300.9,69409.0,67444.0,68738.18,9845.963366352571
2024-11-04,68806.0,69505.0,66783.77,67807.48,14583.963899543074
2024-11-05,67787.8,70599.0,67427.53,69380.73,15645.054192283453
2024-11-06,69382.7,76509.56,69285.82,75646.55,59140.93109737507
2024-11-07,75642.1,76999.0,74397.0,75920.0,26510.93498195858
2024-11-08,75925.0,77312.18,75608.0,76566.73,21483.692621149345
2024-11-09,76550.5,76952.67,75746.0,76728.3,6165.445765991336
2024-11-10,76728.3,81534.28,76531.0,80428.92,25779.024400859213
2024-11-11,80423.3,89666.0,80244.0,88770.73,46215.760850806946
2024-11-12,88737.5,89933.0,85128.0,87932.0,9704.349455921913
2024-11-13,88087.3,93495.0,86137.0,90493.82,52609.46607328698
2024-11-14,90499.4,91831.25,86621.9,87340.4,31126.086838869058
2024-11-15,87314.4,91934.62,87100.83,91058.36,25460.20292755928
2024-11-16,91062.0,91820.73,90069.21,90555.1,8809.674540161253
2024-11-17,90076.0,90226.0,88709.0,89866.85,2992.92609579
2024-11-18,90635.12,92095.34,90294.86,90532.0,6750.74114878
2024-11-19,93343.26,93697.59,91348.0,92341.07,5533.76013195
2024-11-20,94140.11,94744.99,93788.2,94359.04,4841.64447398
2024-11-21,94356.8,99073.53,93986.0,98439.09,38976.452135016334
2024-11-22,98496.0,99860.0,97010.0,99024.03,35602.45525345296
2024-11-23,99024.03,99044.11,97136.0,97778.77,15863.112233581627
2024-11-24,98109.9,98445.1,95635.0,97887.4,1683906.0
2024-11-25,97994.1,98999.0,92534.93,93000.01,26633.71671573771
2024-11-26,93000.1,95090.0,90682.58,91929.54,22822.78290204311
2024-11-27,91914.6,97387.9,91747.46,95951.19,19721.74784966635
2024-11-28,95946.8,96676.31,94653.6,95665.53,7054.0737434998155
2024-11-29,95637.8,98750.0,95383.46,97490.56,16057.777683125325
2024-11-30,97478.7,97580.0,96129.73,96465.42,4550.446674910937
2024-12-01,96456.3,97988.0,95753.42,97263.18,5405.9278398514025
2024-12-02,97259.17,98240.0,94400.63,95862.89,16693.701406261574
2024-12-03,95853.3,96402.0,93565.1,95917.5,3247.9797746807
2024-12-04,95924.85,99263.2,94634.85,98746.24,18418.685025790724
2024-12-05,98710.0,104000.0,88800.0,96856.0,5284.001662480711
2024-12-06,97087.3,101995.0,96210.0,99872.9,4172.085591370947
2024-12-07,99873.0,100530.0,98788.0,99899.9,1166.9982044599496
2024-12-08,99900.0,101480.0,98699.7,101174.99,5703.79405483082
2024-12-09,101240.0,101300.0,94222.0,97410.0,1580.6616762098863
2024-12-10,97330.66,98368.0,94273.38,96660.76,23846.849455787513
2024-12-11,96655.1,101984.98,95722.79,101202.11,24703.581975062818
2024-12-12,101177.1,102595.0,99280.0,100030.47,17513.394551553047
2024-12-13,100024.75,101959.13,99220.81,101428.75,15236.315518307109
2024-12-14,101483.1,102650.0,100550.0,101399.99,5772.686344261576
2024-12-15,101400.1,105100.0,101210.0,104447.76,10772.75434587289
2024-12-16,104360.0,107857.79,103220.0,106099.81,28806.39868083524
2024-12-17,106070.2,108388.88,105110.0,106136.99,17891.341011987042
2024-12-18,106152.0,106528.13,99939.82,100150.73,26495.96751102518
2024-12-19,100166.1,102800.0,95539.67,97372.21,28638.84164025705
2024-12-20,97352.32,98208.8,92115.66,97758.4,34178.97034636
2024-12-21,97781.8,99596.57,96359.8,97230.08,8185.23897733144
2024-12-22,97232.7,97435.0,94182.98,95087.75,6675.580371101276
2024-12-23,95101.9,96548.0,92360.91,94764.56,16870.811151692407
2024-12-24,94699.4,99554.0,93426.25,98594.47,15474.436602476959
2024-12-25,98594.47,99566.0,97557.48,99346.28,6414.658706941968
2024-12-26,99463.0,99900.0,95083.93,95669.49,13433.205155855137
2024-12-27,95660.9,97554.0,93234.31,94171.89,15476.711515185822
2024-12-28,94147.6,95916.0,94002.72,95130.82,3462.8059356513204
2024-12-29,95204.1,95559.0,92841.48,93563.35,4701.453980039659
2024-12-30,93551.0,95135.0,91256.6,92620.71,19241.354987192357
2024-12-31,92346.7,96400.0,91887.13,93383.32,15102.39898984
