Price,Adj Close,Close,Close.1,High,High.1,Low,Low.1,Open,Open.1,Volume,Volume.1,label
Ticker,ALCHEMY,ALCHEMY,PAY-USD,ALCHEMY,PAY-USD,ALCHEMY,PAY-USD,ALCHEMY,PAY-USD,ALCHEMY,PAY-USD,0
Date,,,,,,,,,,,,0
2024-01-01,,,0.008078999817371368,,0.00860000029206276,,0.007848000153899193,,0.008302999660372734,,30324,0
2024-01-02,,,0.008538000285625458,,0.00880299974232912,,0.008061000145971775,,0.008080000057816505,,32225,0
2024-01-03,,,0.00798800028860569,,0.00880999956279993,,0.007930000312626362,,0.00853899959474802,,27097,0
2024-01-04,,,0.008365999907255173,,0.008615000173449516,,0.00792699959129095,,0.007992000319063663,,22471,0
2024-01-05,,,0.006180000025779009,,0.008456000126898289,,0.006124999839812517,,0.008365999907255173,,21131,0
2024-01-06,,,0.008258000016212463,,0.008290999568998814,,0.006051999982446432,,0.006178999785333872,,24985,0
2024-01-07,,,0.008200000040233135,,0.00853199977427721,,0.008154000155627728,,0.008245999924838543,,22018,0
2024-01-08,,,0.008488000370562077,,0.008763999678194523,,0.008113999851047993,,0.008169000037014484,,30974,0
2024-01-09,,,0.008453999646008015,,0.008759000338613987,,0.007544999942183495,,0.008488000370562077,,37002,0
2024-01-10,,,0.00827299989759922,,0.008798999711871147,,0.007557000033557415,,0.008438999764621258,,32189,0
2024-01-11,,,0.0083619998767972,,0.00848700013011694,,0.007945000194013119,,0.00827299989759922,,34383,0
2024-01-12,,,0.008222999982535839,,0.008624999783933163,,0.008008000440895557,,0.0083600003272295,,33840,0
2024-01-13,,,0.008190999738872051,,0.00825399998575449,,0.00800899975001812,,0.008222999982535839,,32720,0
2024-01-14,,,0.008307999931275845,,0.008546000346541405,,0.00802099984139204,,0.008185000158846378,,24474,0
2024-01-15,,,0.008070999756455421,,0.008515000343322754,,0.008038000203669071,,0.008276999928057194,,26678,0
2024-01-16,,,0.008057000115513802,,0.00829899962991476,,0.007985999807715416,,0.008062000386416912,,35767,0
2024-01-17,,,0.008093000389635563,,0.008465000428259373,,0.007859000004827976,,0.008050000295042992,,24678,0
2024-01-18,,,0.007828000001609325,,0.00814099982380867,,0.007430000230669975,,0.008124999701976776,,24257,0
2024-01-19,,,0.007513000164180994,,0.008005999960005283,,0.007393000181764364,,0.007840000092983246,,25525,0
2024-01-20,,,0.007970999926328659,,0.008450999855995178,,0.007439000066369772,,0.007513000164180994,,21185,0
2024-01-21,,,0.007838999852538109,,0.008031000383198261,,0.007732999976724386,,0.007999000139534473,,33499,0
2024-01-22,,,0.007666999939829111,,0.007873999886214733,,0.007356000132858753,,0.00785799976438284,,31538,0
2024-01-23,,,0.007660999894142151,,0.0077599999494850636,,0.007412999868392944,,0.007703999988734722,,34619,0
2024-01-24,,,0.007961000315845013,,0.008070999756455421,,0.007530999835580587,,0.007660999894142151,,28803,0
2024-01-25,,,0.00791999977082014,,0.008047999814152718,,0.007544000167399645,,0.007961000315845013,,23594,0
2024-01-26,,,0.008051999844610691,,0.008201999589800835,,0.007683000061661005,,0.007980999536812305,,29873,0
2024-01-27,,,0.008078999817371368,,0.00814799964427948,,0.007884999737143517,,0.008051999844610691,,25713,0
2024-01-28,,,0.007915999740362167,,0.008088000118732452,,0.007896999828517437,,0.008061000145971775,,33700,0
2024-01-29,,,0.007993999868631363,,0.008236000314354897,,0.007877999916672707,,0.007937000133097172,,35830,0
2024-01-30,,,0.008511999621987343,,0.008684000000357628,,0.007938000373542309,,0.00800700020045042,,31597,0
2024-01-31,,,0.008376999758183956,,0.008623000234365463,,0.0079969996586442,,0.008511999621987343,,21915,0
2024-02-01,,,0.00785099994391203,,0.008433000184595585,,0.007788999937474728,,0.008376999758183956,,32939,0
2024-02-02,,,0.007774000056087971,,0.00889699999243021,,0.007664000149816275,,0.007853000424802303,,28935,0
2024-02-03,,,0.008162000216543674,,0.008325999602675438,,0.00775599991902709,,0.007784999907016754,,24501,0
2024-02-04,,,0.007919000461697578,,0.008585000410676003,,0.007710999809205532,,0.00817899964749813,,26135,0
2024-02-05,,,0.00786300003528595,,0.00821600016206503,,0.0075240000151097775,,0.0078959995880723,,28623,0
2024-02-06,,,0.007829999551177025,,0.008549000136554241,,0.0077680000104010105,,0.00786999985575676,,31316,0
2024-02-07,,,0.008167999796569347,,0.008322999812662601,,0.007747000083327293,,0.007807999849319458,,32009,0
2024-02-08,,,0.008279000408947468,,0.008321000263094902,,0.008093000389635563,,0.008163999766111374,,35625,0
2024-02-09,,,0.008197999559342861,,0.009216999635100365,,0.00800899975001812,,0.008279000408947468,,31295,0
2024-02-10,,,0.008342999964952469,,0.008510000072419643,,0.00798800028860569,,0.008197000250220299,,29924,0
2024-02-11,,,0.008801000192761421,,0.00902200024574995,,0.008225999772548676,,0.008337999694049358,,33463,0
2024-02-12,,,0.008666999638080597,,0.008988000452518463,,0.008263000287115574,,0.008857999928295612,,30139,0
2024-02-13,,,0.008502000011503696,,0.008899999782443047,,0.007992999628186226,,0.00865199975669384,,23442,0
2024-02-14,,,0.008716000244021416,,0.008813999593257904,,0.008169000037014484,,0.008502000011503696,,26651,0
2024-02-15,,,0.008183999918401241,,0.008851000107824802,,0.008178000338375568,,0.008716000244021416,,27069,0
2024-02-16,,,0.008609999902546406,,0.008868999779224396,,0.008151000365614891,,0.008186000399291515,,34607,0
2024-02-17,,,0.008391999639570713,,0.00886599998921156,,0.008236999623477459,,0.008609999902546406,,33187,0
2024-02-18,,,0.007459000218659639,,0.008700000122189522,,0.0070039997808635235,,0.008391999639570713,,43323,0
2024-02-19,,,0.007532000076025724,,0.008070999756455421,,0.007052000146359205,,0.007472999859601259,,38634,0
2024-02-20,,,0.007209000177681446,,0.007639000192284584,,0.006881999783217907,,0.0075090001337230206,,35190,0
2024-02-21,,,0.007428999990224838,,0.0075610000640153885,,0.007038000039756298,,0.0072119999676942825,,29069,0
2024-02-22,,,0.008173000067472458,,0.008441999554634094,,0.007393000181764364,,0.007455000188201666,,29276,0
2024-02-23,,,0.0078050000593066216,,0.008263000287115574,,0.007329000160098076,,0.00817199982702732,,22763,0
2024-02-24,,,0.008042999543249607,,0.008070000447332859,,0.007579000201076269,,0.007809000089764595,,22934,0
2024-02-25,,,0.007929000072181225,,0.00817899964749813,,0.00788199994713068,,0.008042999543249607,,21070,0
2024-02-26,,,0.009783999994397163,,0.010870000347495079,,0.007908999919891357,,0.007934000343084335,,46900,0
2024-02-27,,,0.009472999721765518,,0.011688999831676483,,0.009251000359654427,,0.00978699978441,,42383,0
2024-02-28,,,0.009719000197947025,,0.010209999978542328,,0.009018000215291977,,0.009445000439882278,,37289,0
2024-02-29,,,0.010095000267028809,,0.0101500004529953,,0.009397000074386597,,0.009717999957501888,,35989,0
2024-03-01,,,0.00939099956303835,,0.010103999637067318,,0.00914399977773428,,0.009914999827742577,,29135,0
2024-03-02,,,0.01039000041782856,,0.010688000358641148,,0.009358000010251999,,0.00939400028437376,,50810,0
2024-03-03,,,0.010622999630868435,,0.011370000429451466,,0.010308999568223953,,0.01039199996739626,,30306,0
2024-03-04,,,0.011350000277161598,,0.012129999697208405,,0.01040599960833788,,0.010622999630868435,,34051,0
2024-03-05,,,0.010503999888896942,,0.011580999940633774,,0.010099000297486782,,0.01135099958628416,,37169,0
2024-03-06,,,0.010273999534547329,,0.010940000414848328,,0.009917999617755413,,0.010503999888896942,,34916,0
2024-03-07,,,0.010087000206112862,,0.010910999961197376,,0.00988100003451109,,0.010273999534547329,,27858,0
2024-03-08,,,0.010498999617993832,,0.010931000113487244,,0.009901000186800957,,0.010087000206112862,,20839,0
2024-03-09,,,0.01014500018209219,,0.010642999783158302,,0.009859999641776085,,0.010468999855220318,,34990,0
2024-03-10,,,0.010727000422775745,,0.010964999906718731,,0.010068999603390694,,0.010157999582588673,,28565,0
2024-03-11,,,0.011074000038206577,,0.01120499987155199,,0.010582000017166138,,0.010703000240027905,,46761,0
2024-03-12,,,0.010960999876260757,,0.01129399985074997,,0.010745000094175339,,0.011074000038206577,,41460,0
2024-03-13,,,0.011415000073611736,,0.011455999687314034,,0.010439000092446804,,0.010960999876260757,,45249,0
2024-03-14,,,0.012342999689280987,,0.012423999607563019,,0.010847000405192375,,0.011415000073611736,,36472,0
2024-03-15,,,0.010824999772012234,,0.012409999966621399,,0.010622000321745872,,0.012357000261545181,,33645,0
2024-03-16,,,0.009856999851763248,,0.010924999602138996,,0.009664000011980534,,0.01080899965018034,,39803,0
2024-03-17,,,0.009870000183582306,,0.010997000150382519,,0.009561000391840935,,0.009856999851763248,,34986,0
2024-03-18,,,0.009320000186562538,,0.009898999705910683,,0.00910400040447712,,0.009870000183582306,,38376,0
2024-03-19,,,0.009344000369310379,,0.010883999988436699,,0.009185000322759151,,0.009320000186562538,,31961,0
2024-03-20,,,0.010107000358402729,,0.010323000140488148,,0.009163999930024147,,0.00940100010484457,,37056,0
2024-03-21,,,0.010563000105321407,,0.010769999586045742,,0.010060999542474747,,0.010107000358402729,,26532,0
2024-03-22,,,0.010250999592244625,,0.010707000270485878,,0.009998000226914883,,0.010563000105321407,,30867,0
2024-03-23,,,0.01027700025588274,,0.010420000180602074,,0.010041999630630016,,0.010250999592244625,,32282,0
2024-03-24,,,0.0104160001501441,,0.010696999728679657,,0.010131999850273132,,0.01027700025588274,,33345,0
2024-03-25,,,0.010463000275194645,,0.010685999877750874,,0.010297000408172607,,0.01040900032967329,,37356,0
2024-03-26,,,0.010340999811887741,,0.010557999834418297,,0.010255999863147736,,0.010432999581098557,,36527,0
2024-03-27,,,0.00990500021725893,,0.010815000161528587,,0.009836999699473381,,0.010339000262320042,,33799,0
2024-03-28,,,0.010209999978542328,,0.010591999627649784,,0.009600999765098095,,0.00990500021725893,,31876,0
2024-03-29,,,0.009885000064969063,,0.010669000446796417,,0.009486000053584576,,0.010193999856710434,,13869,0
2024-03-30,,,0.01064400002360344,,0.011353000067174435,,0.009650000371038914,,0.009885000064969063,,2472,0
2024-03-31,,,0.010654999874532223,,0.011464999988675117,,0.009571000002324581,,0.01064400002360344,,12698,0
2024-04-01,,,0.009721999987959862,,0.010677999816834927,,0.009491999633610249,,0.010654999874532223,,12812,0
2024-04-02,,,0.009852999821305275,,0.010076000355184078,,0.00963599979877472,,0.009721999987959862,,1372,0
2024-04-03,,,0.00980400014668703,,0.010301999747753143,,0.009748999960720539,,0.009852999821305275,,3231,0
2024-04-04,,,0.009943000040948391,,0.010568000376224518,,0.00976600032299757,,0.00980400014668703,,6339,0
2024-04-05,,,0.009643999859690666,,0.010192999616265297,,0.009626000188291073,,0.009943000040948391,,17795,0
2024-04-06,,,0.009597999975085258,,0.009692000225186348,,0.009410000406205654,,0.009643999859690666,,23421,0
2024-04-07,,,0.009862000122666359,,0.011440999805927277,,0.009580000303685665,,0.009597999975085258,,9369,0
2024-04-08,,,0.010456999763846397,,0.01079300045967102,,0.009693000465631485,,0.009862000122666359,,9873,0
2024-04-09,,,0.010591999627649784,,0.010847000405192375,,0.009730000048875809,,0.010456999763846397,,3396,0
2024-04-10,,,0.010487999767065048,,0.010622999630868435,,0.010281999595463276,,0.010591999627649784,,4220,0
2024-04-11,,,0.009783999994397163,,0.010502999648451805,,0.009638999588787556,,0.010487999767065048,,5627,0
2024-04-12,,,0.009484999813139439,,0.01003899984061718,,0.0094200000166893,,0.009783999994397163,,5952,0
2024-04-13,,,0.009425999596714973,,0.010862000286579132,,0.009414000436663628,,0.009484999813139439,,8351,0
2024-04-14,,,0.009495999664068222,,0.010091000236570835,,0.0090549997985363,,0.009425999596714973,,6829,0
2024-04-15,,,0.00787500012665987,,0.010192000307142735,,0.006947999820113182,,0.009507999755442142,,7544,0
2024-04-16,,,0.010181999765336514,,0.010325999930500984,,0.007765000220388174,,0.00787500012665987,,13834,0
2024-04-17,,,0.009232000447809696,,0.010184000246226788,,0.008363000117242336,,0.010181999765336514,,4260,0
2024-04-18,,,0.009060000069439411,,0.009305000305175781,,0.008655999787151814,,0.009232000447809696,,8008,0
2024-04-19,,,0.009465999901294708,,0.009836000390350819,,0.008616999723017216,,0.009060000069439411,,1203,0
2024-04-20,,,0.009759999811649323,,0.010754999704658985,,0.00936300028115511,,0.009465999901294708,,1972,0
2024-04-21,,,0.009959000162780285,,0.010498999617993832,,0.009603999555110931,,0.009759999811649323,,6790,0
2024-04-22,,,0.009630000218749046,,0.010014999657869339,,0.00950200017541647,,0.009959000162780285,,5921,0
2024-04-23,,,0.01015700027346611,,0.01053600013256073,,0.009538999758660793,,0.009630000218749046,,1559,0
2024-04-24,,,0.009499000385403633,,0.010692000389099121,,0.00944599974900484,,0.01015700027346611,,6036,0
2024-04-25,,,0.009065999649465084,,0.009743999689817429,,0.009050999768078327,,0.00949500035494566,,6313,0
2024-04-26,,,0.009185000322759151,,0.009309999644756317,,0.008554999716579914,,0.009065999649465084,,10100,0
2024-04-27,,,0.008956000208854675,,0.009345999918878078,,0.008814999833703041,,0.009185000322759151,,7294,0
2024-04-28,,,0.009135999716818333,,0.009313000366091728,,0.008867999538779259,,0.008956000208854675,,11726,0
2024-04-29,,,0.008918000385165215,,0.009158000349998474,,0.008798000402748585,,0.009135999716818333,,12100,0
2024-04-30,,,0.008379999548196793,,0.008968000300228596,,0.008194000460207462,,0.008918000385165215,,10473,0
2024-05-01,,,0.008322999812662601,,0.008538000285625458,,0.007930000312626362,,0.008379999548196793,,5527,0
2024-05-02,,,0.009097999893128872,,0.009165000170469284,,0.00800700020045042,,0.008322999812662601,,6377,0
2024-05-03,,,0.008527999743819237,,0.009146999567747116,,0.008333000354468822,,0.009097999893128872,,6795,0
2024-05-04,,,0.008754000067710876,,0.008868999779224396,,0.008527000434696674,,0.008527999743819237,,18671,0
2024-05-05,,,0.008413000032305717,,0.008771000429987907,,0.007062000222504139,,0.00875299982726574,,14008,0
2024-05-06,,,0.008719000034034252,,0.010216999799013138,,0.00814600009471178,,0.008413000032305717,,3940,0
2024-05-07,,,0.008592999540269375,,0.010417000390589237,,0.008325999602675438,,0.008719000034034252,,23360,0
2024-05-08,,,0.007949000224471092,,0.008612999692559242,,0.007891000248491764,,0.008592999540269375,,11496,0
2024-05-09,,,0.008724999614059925,,0.009394999593496323,,0.007947999984025955,,0.007949000224471092,,6052,0
2024-05-10,,,0.008004000410437584,,0.008821000345051289,,0.007845999673008919,,0.008724999614059925,,10954,0
2024-05-11,,,0.008196000009775162,,0.00820900034159422,,0.0076419999822974205,,0.008004000410437584,,10434,0
2024-05-12,,,0.008609999902546406,,0.00926900003105402,,0.008196000009775162,,0.008196000009775162,,1994,0
2024-05-13,,,0.008847000077366829,,0.00919399969279766,,0.008245999924838543,,0.008609999902546406,,5367,0
2024-05-14,,,0.007841000333428383,,0.008851000107824802,,0.007823999971151352,,0.008847000077366829,,12898,0
2024-05-15,,,0.00850799959152937,,0.009074999950826168,,0.007757000159472227,,0.007841000333428383,,8476,0
2024-05-16,,,0.008636999875307083,,0.008833999745547771,,0.008202999830245972,,0.00850799959152937,,4691,0
2024-05-17,,,0.008314999751746655,,0.009037000127136707,,0.008276999928057194,,0.008636999875307083,,2748,0
2024-05-18,,,0.008612999692559242,,0.0086260000243783,,0.008233999833464622,,0.008314999751746655,,5200,0
2024-05-19,,,0.008070999756455421,,0.008635000325739384,,0.008031000383198261,,0.008612999692559242,,7396,0
2024-05-20,,,0.007964000105857849,,0.00810100045055151,,0.007687999866902828,,0.008070999756455421,,12569,0
2024-05-21,,,0.008008000440895557,,0.008143000304698944,,0.007747000083327293,,0.007964000105857849,,21896,0
2024-05-22,,,0.007780000101774931,,0.008031000383198261,,0.0077669997699558735,,0.00800899975001812,,21602,0
2024-05-23,,,0.007722000125795603,,0.00816699955612421,,0.007511000148952007,,0.007780000101774931,,9578,0
2024-05-24,,,0.008902999572455883,,0.009819000028073788,,0.00750300008803606,,0.007722000125795603,,9169,0
2024-05-25,,,0.008034000173211098,,0.008926999755203724,,0.007590000052005053,,0.008902999572455883,,5192,0
2024-05-26,,,0.008154000155627728,,0.008620000444352627,,0.007906000129878521,,0.008034000173211098,,1707,0
2024-05-27,,,0.00876499991863966,,0.009355000220239162,,0.008154000155627728,,0.008154000155627728,,5635,0
2024-05-28,,,0.008832000195980072,,0.00910400040447712,,0.008651000447571278,,0.008762000128626823,,2832,0
2024-05-29,,,0.008186999708414078,,0.008836999535560608,,0.008173000067472458,,0.008832000195980072,,5523,0
2024-05-30,,,0.00814600009471178,,0.008232000283896923,,0.007772000040858984,,0.008190999738872051,,22462,0
2024-05-31,,,0.007837999612092972,,0.008201000280678272,,0.007763999979943037,,0.00814799964427948,,18667,0
2024-06-01,,,0.007726000156253576,,0.007848000153899193,,0.007646999787539244,,0.007837999612092972,,23861,0
2024-06-02,,,0.007658999878913164,,0.007815999910235405,,0.007594999857246876,,0.00773000018671155,,22162,0
2024-06-03,,,0.007822000421583652,,0.00808900035917759,,0.007637000177055597,,0.007658999878913164,,23303,0
2024-06-04,,,0.007811000104993582,,0.00788000039756298,,0.007625999860465527,,0.007822000421583652,,10105,0
2024-06-05,,,0.007939999923110008,,0.007956000044941902,,0.007801000028848648,,0.007811000104993582,,18604,0
2024-06-06,,,0.008036999963223934,,0.00811699964106083,,0.007923999801278114,,0.007939999923110008,,26406,0
2024-06-07,,,0.00785600021481514,,0.009271999821066856,,0.0077680000104010105,,0.008036999963223934,,21777,0
2024-06-08,,,0.007965000346302986,,0.008124000392854214,,0.007728000171482563,,0.007854999974370003,,26103,0
2024-06-09,,,0.008034000173211098,,0.008123000152409077,,0.00795700028538704,,0.007965000346302986,,22076,0
2024-06-10,,,0.007809999864548445,,0.008098999969661236,,0.0077320002019405365,,0.008031000383198261,,27089,0
2024-06-11,,,0.007712999824434519,,0.0078940000385046,,0.007538999896496534,,0.007814999669790268,,21015,0
2024-06-12,,,0.007849999703466892,,0.008084000088274479,,0.007521999999880791,,0.007712999824434519,,28878,0
2024-06-13,,,0.007753999903798103,,0.007903000339865685,,0.007625999860465527,,0.00784400012344122,,22045,0
2024-06-14,,,0.006953000091016293,,0.007759000174701214,,0.006918000057339668,,0.007753000129014254,,21641,0
2024-06-15,,,0.007822000421583652,,0.009201999753713608,,0.0069240001030266285,,0.0069519998505711555,,62463,0
2024-06-16,,,0.007137000095099211,,0.008976000361144543,,0.006641000043600798,,0.007837999612092972,,54135,0
2024-06-17,,,0.0045449999161064625,,0.007486999966204166,,0.0037950000260025263,,0.007137000095099211,,51264,0
2024-06-18,,,0.007315000053495169,,0.007488999981433153,,0.0028210000600665808,,0.0045449999161064625,,31513,0
2024-06-19,,,0.008236999623477459,,0.008236999623477459,,0.004815999884158373,,0.007317000068724155,,23259,0
2024-06-20,,,0.007720000110566616,,0.008236999623477459,,0.007530000060796738,,0.008236999623477459,,21309,0
2024-06-21,,,0.007842999882996082,,0.007846999913454056,,0.007480999920517206,,0.007718000095337629,,24321,0
2024-06-22,,,0.007424999959766865,,0.007849999703466892,,0.007362999953329563,,0.007845000363886356,,11232,0
2024-06-23,,,0.006634000223129988,,0.007426000200212002,,0.006415999960154295,,0.007424999959766865,,5781,0
2024-06-24,,,0.005973000079393387,,0.006725000217556953,,0.005948999896645546,,0.006634999997913837,,13829,0
2024-06-25,,,0.006504000164568424,,0.007193999830633402,,0.0059710000641644,,0.005973000079393387,,3827,0
2024-06-26,,,0.005787000060081482,,0.006558999884873629,,0.005756999831646681,,0.006502999924123287,,4802,0
2024-06-27,,,0.00570600014179945,,0.006118999794125557,,0.005565000232309103,,0.005791000090539455,,3452,0
2024-06-28,,,0.005963000003248453,,0.005985000170767307,,0.005435999948531389,,0.0057069999165833,,3253,0
2024-06-29,,,0.006095000077039003,,0.010188000276684761,,0.005886000115424395,,0.005963000003248453,,1022,0
2024-06-30,,,0.006628999952226877,,0.006887999828904867,,0.00572500005364418,,0.006095000077039003,,4096,0
2024-07-01,,,0.005909999832510948,,0.007052000146359205,,0.005909999832510948,,0.0066280001774430275,,3613,0
2024-07-02,,,0.005787000060081482,,0.005934000015258789,,0.005671999882906675,,0.005929000210016966,,7220,0
2024-07-03,,,0.0068060001358389854,,0.006963000167161226,,0.005733000114560127,,0.005787999834865332,,228,0
2024-07-04,,,0.005847000051289797,,0.006814000196754932,,0.005690999794751406,,0.006804999895393848,,4915,0
2024-07-05,,,0.0055519999004900455,,0.005878999829292297,,0.005148999858647585,,0.0058479998260736465,,1327,0
2024-07-06,,,0.005940999835729599,,0.007544000167399645,,0.005553000140935183,,0.005553000140935183,,2417,0
2024-07-07,,,0.005547999870032072,,0.006146000232547522,,0.005541999824345112,,0.005940999835729599,,1606,0
2024-07-08,,,0.00635500019416213,,0.007025000173598528,,0.005497000180184841,,0.005547999870032072,,5352,0
2024-07-09,,,0.008182999677956104,,0.008185000158846378,,0.006316000130027533,,0.006353999953716993,,275,0
2024-07-10,,,0.006918999832123518,,0.008621999993920326,,0.00686000008136034,,0.008183999918401241,,248,0
2024-07-11,,,0.006971000228077173,,0.007934000343084335,,0.006856000050902367,,0.006918999832123518,,170,0
2024-07-12,,,0.0070500001311302185,,0.007416999898850918,,0.0068870000541210175,,0.006971000228077173,,1024,0
2024-07-13,,,0.0086899995803833,,0.008786000311374664,,0.0070500001311302185,,0.007050999905914068,,399,0
2024-07-14,,,0.00776199996471405,,0.01101600006222725,,0.007278999779373407,,0.008690999820828438,,4428,0
2024-07-15,,,0.007681000046432018,,0.008623000234365463,,0.007584000006318092,,0.007757000159472227,,13754,0
2024-07-16,,,0.008719000034034252,,0.009171999990940094,,0.0076339999213814735,,0.0076779997907578945,,12438,0
2024-07-17,,,0.008426000364124775,,0.009043999947607517,,0.008198999799787998,,0.008717999793589115,,5732,0
2024-07-18,,,0.007116999942809343,,0.008437000215053558,,0.007077000103890896,,0.008426999673247337,,2489,0
2024-07-19,,,0.0093560004606843,,0.009957999922335148,,0.007096999790519476,,0.007116999942809343,,5563,0
2024-07-20,,,0.00787699967622757,,0.01270500011742115,,0.007486999966204166,,0.0093560004606843,,6896,0
2024-07-21,,,0.009277000091969967,,0.018053000792860985,,0.00787699967622757,,0.00787699967622757,,3410,0
2024-07-22,,,0.00853000022470951,,0.00940299965441227,,0.007271000184118748,,0.009277000091969967,,4350423,0
2024-07-23,,,0.007555999793112278,,0.022769000381231308,,0.00722600007429719,,0.008533000014722347,,4038,0
2024-07-24,,,0.00725199980661273,,0.007588000036776066,,0.007191999815404415,,0.007555999793112278,,4523,0
2024-07-25,,,0.027442999184131622,,0.05328499898314476,,0.007065000012516975,,0.00725199980661273,,40675,0
2024-07-26,,,0.02857300080358982,,0.04526999965310097,,0.007414999883621931,,0.027442999184131622,,102108,0
2024-07-27,,,0.008712000213563442,,0.029304999858140945,,0.007273999974131584,,0.02857300080358982,,1608,0
2024-07-28,,,0.011106000281870365,,0.02034600079059601,,0.00710699986666441,,0.008712000213563442,,5476,0
2024-07-29,,,0.007431999780237675,,0.012152999639511108,,0.007110999897122383,,0.011106000281870365,,2506,0
2024-07-30,,,0.007327000144869089,,0.008471000008285046,,0.007298000156879425,,0.007431999780237675,,3248,0
2024-07-31,,,0.007600000128149986,,0.007716999854892492,,0.0072280000895261765,,0.007327000144869089,,857,0
2024-08-01,,,0.007451000157743692,,0.00783700030297041,,0.007296999916434288,,0.007600000128149986,,1136,0
2024-08-02,,,0.00776199996471405,,0.010115999728441238,,0.007387000136077404,,0.007451000157743692,,1684,0
2024-08-03,,,0.007439000066369772,,0.008124999701976776,,0.007098000030964613,,0.00776199996471405,,3177,0
2024-08-04,,,0.006442000158131123,,0.00901199970394373,,0.006248000077903271,,0.007439000066369772,,7417,0
2024-08-05,,,0.007160999812185764,,0.007575999945402145,,0.005733999889343977,,0.006442000158131123,,3241,0
2024-08-06,,,0.007705000229179859,,0.008545000106096268,,0.007110999897122383,,0.007160999812185764,,2263,0
2024-08-07,,,0.007726000156253576,,0.008557000197470188,,0.007571000140160322,,0.007705000229179859,,489,0
2024-08-08,,,0.0062409997917711735,,0.007799999788403511,,0.00443999981507659,,0.007726000156253576,,4082,0
2024-08-09,,,0.0062950002029538155,,0.006533000152558088,,0.005257999990135431,,0.0062420000322163105,,3376,0
2024-08-10,,,0.00686000008136034,,0.00699200015515089,,0.006256000138819218,,0.0062950002029538155,,3666,0
2024-08-11,,,0.006717999931424856,,0.007379000075161457,,0.006581000052392483,,0.00686000008136034,,3134,0
2024-08-12,,,0.006684999912977219,,0.008585000410676003,,0.006585999857634306,,0.006717999931424856,,2100,0
2024-08-13,,,0.006835999898612499,,0.009840999729931355,,0.00659500015899539,,0.006684999912977219,,347,0
2024-08-14,,,0.007416000124067068,,0.00762900011613965,,0.006827999837696552,,0.006835999898612499,,875,0
2024-08-15,,,0.006632999982684851,,0.007468999829143286,,0.0065100002102553844,,0.007416000124067068,,927,0
2024-08-16,,,0.007455000188201666,,0.007457999978214502,,0.006531999912112951,,0.006632999982684851,,202,0
2024-08-17,,,0.006837000139057636,,0.00787699967622757,,0.006831000093370676,,0.007455000188201666,,64,0
2024-08-18,,,0.006508000195026398,,0.006864000111818314,,0.0063240001909434795,,0.006837000139057636,,829,0
2024-08-19,,,0.007098999805748463,,0.031165000051259995,,0.006492000073194504,,0.006508000195026398,,4293,0
2024-08-20,,,0.007168999873101711,,0.007759000174701214,,0.006835999898612499,,0.007098999805748463,,611,0
2024-08-21,,,0.00698099983856082,,0.00784900039434433,,0.0067010000348091125,,0.007168999873101711,,1283,0
2024-08-22,,,0.03521599993109703,,0.035252999514341354,,0.006870000157505274,,0.00698099983856082,,418774,0
2024-08-23,,,0.03600500151515007,,0.03993799909949303,,0.007021000143140554,,0.03521599993109703,,366957,0
2024-08-24,,,0.03804200142621994,,0.038290999829769135,,0.007298000156879425,,0.03600500151515007,,487418,0
2024-08-25,,,0.03823800012469292,,0.03996500000357628,,0.007203000131994486,,0.03804200142621994,,164679,0
2024-08-26,,,0.025613000616431236,,0.038286998867988586,,0.0256120003759861,,0.03823800012469292,,6372,0
2024-08-27,,,0.036883000284433365,,0.03747899830341339,,0.012089000083506107,,0.025613000616431236,,51329,0
2024-08-28,,,0.03685100004076958,,0.03823300078511238,,0.029023999348282814,,0.036883000284433365,,262563,0
2024-08-29,,,0.008209999650716782,,0.044307999312877655,,0.008208000101149082,,0.03685100004076958,,2400,0
2024-08-30,,,0.0265050008893013,,0.02707899920642376,,0.00776199996471405,,0.008209999650716782,,25535,0
2024-08-31,,,0.032182998955249786,,0.03218799829483032,,0.021529000252485275,,0.0265050008893013,,16115,0
2024-09-01,,,0.03235600143671036,,0.03884800150990486,,0.028519999235868454,,0.032182998955249786,,26611,0
2024-09-02,,,0.026055000722408295,,0.03247800096869469,,0.02581699937582016,,0.03235600143671036,,16892,0
2024-09-03,,,0.019600000232458115,,0.030038999393582344,,0.008867000229656696,,0.026055000722408295,,9574,0
2024-09-04,,,0.016474999487400055,,0.02591099962592125,,0.016474999487400055,,0.019600000232458115,,4125,0
2024-09-05,,,0.008612999692559242,,0.016475999727845192,,0.0076430002227425575,,0.016474999487400055,,1982,0
2024-09-06,,,0.007907000370323658,,0.009684000164270401,,0.00709300022572279,,0.008612999692559242,,1399,0
2024-09-07,,,0.008345999754965305,,0.008731000125408173,,0.007178999949246645,,0.007907000370323658,,2494,0
2024-09-08,,,0.007583000231534243,,0.008383000269532204,,0.007563999854028225,,0.008345999754965305,,1062,0
2024-09-09,,,0.008325999602675438,,0.008534999564290047,,0.007335000205785036,,0.007583000231534243,,980,0
2024-09-10,,,0.03161799907684326,,0.03162800148129463,,0.008320000022649765,,0.008325999602675438,,3067,0
2024-09-11,,,0.029841000214219093,,0.03163300082087517,,0.028125999495387077,,0.03161799907684326,,54309,0
2024-09-12,,,0.007230999879539013,,0.029949000105261803,,0.0072280000895261765,,0.029841000214219093,,2424,0
2024-09-13,,,0.007641000207513571,,0.007957999594509602,,0.007224999833852053,,0.007230999879539013,,909,0
2024-09-14,,,0.008344000205397606,,0.008383999578654766,,0.007420999929308891,,0.007641000207513571,,365,0
2024-09-15,,,0.029052000492811203,,0.030011000111699104,,0.0074189999140799046,,0.008344000205397606,,31049,0
2024-09-16,,,0.00930000003427267,,0.029059000313282013,,0.008906999602913857,,0.029052000492811203,,3107,0
2024-09-17,,,0.009006000123918056,,0.009610000066459179,,0.007513999938964844,,0.00930000003427267,,1497,0
2024-09-18,,,0.007362999953329563,,0.01133199967443943,,0.00735200010240078,,0.009006000123918056,,3113,0
2024-09-19,,,0.0074709998443722725,,0.008100000210106373,,0.007172000128775835,,0.007362999953329563,,1567,0
2024-09-20,,,0.010058999992907047,,0.010060000233352184,,0.007468999829143286,,0.0074709998443722725,,422,0
2024-09-21,,,0.02982099913060665,,0.030679000541567802,,0.010058999992907047,,0.010058999992907047,,133550,0
2024-09-22,,,0.02993199974298477,,0.030563000589609146,,0.02940100058913231,,0.02982099913060665,,181994,0
2024-09-23,,,0.00774300005286932,,0.030484000220894814,,0.007691000122576952,,0.02993199974298477,,441,0
2024-09-24,,,0.007845999673008919,,0.008205000311136246,,0.007462000008672476,,0.00774300005286932,,622,0
2024-09-25,,,0.008045000024139881,,0.008364999666810036,,0.007845000363886356,,0.007845999673008919,,1197,0
2024-09-26,,,0.00800899975001812,,0.008231000043451786,,0.007590000052005053,,0.008045000024139881,,954,0
2024-09-27,,,0.008093000389635563,,0.008144999854266644,,0.007666999939829111,,0.00800899975001812,,351,0
2024-09-28,,,0.007156000006943941,,0.008098999969661236,,0.007155000232160091,,0.008093000389635563,,654,0
2024-09-29,,,0.007445000112056732,,0.007476000115275383,,0.007151999976485968,,0.007156000006943941,,103,0
2024-09-30,,,0.00775500014424324,,0.007853999733924866,,0.007412999868392944,,0.007445000112056732,,195,0
2024-10-01,,,0.0073739998042583466,,0.008294999599456787,,0.007042999844998121,,0.00775500014424324,,1417,0
2024-10-02,,,0.007433000020682812,,0.007459999993443489,,0.00737199978902936,,0.0073739998042583466,,101,0
2024-10-03,,,0.007594999857246876,,0.007608000189065933,,0.007197999861091375,,0.007433000020682812,,168,0
2024-10-04,,,0.007282000035047531,,0.0076339999213814735,,0.007271999958902597,,0.007594999857246876,,153,0
2024-10-05,,,0.00737799983471632,,0.007598999887704849,,0.007275000214576721,,0.007282000035047531,,97,0
2024-10-06,,,0.00762399984523654,,0.00762900011613965,,0.0073739998042583466,,0.00737799983471632,,160,0
2024-10-07,,,0.007133000064641237,,0.00763599993661046,,0.0065020001493394375,,0.00762399984523654,,4005,0
2024-10-08,,,0.006864000111818314,,0.007141000125557184,,0.006552999839186668,,0.007133000064641237,,881,0
2024-10-09,,,0.006845999974757433,,0.006963000167161226,,0.006552000064402819,,0.006864000111818314,,410,0
2024-10-10,,,0.006207999773323536,,0.007071000058203936,,0.005503000225871801,,0.006845999974757433,,3912,0
2024-10-11,,,0.007246000226587057,,0.007521000225096941,,0.0062049999833106995,,0.006207999773323536,,1125,0
2024-10-12,,,0.007712999824434519,,0.007902000099420547,,0.00724499998614192,,0.007246000226587057,,217,0
2024-10-13,,,0.007226999849081039,,0.007943999953567982,,0.007222000043839216,,0.007712999824434519,,1572,0
2024-10-14,,,0.007040000054985285,,0.007457000203430653,,0.007038000039756298,,0.007226999849081039,,483,0
2024-10-15,,,0.00790099985897541,,0.008267000317573547,,0.0068430001847445965,,0.007040000054985285,,1021,0
2024-10-16,,,0.007708999793976545,,0.007939999923110008,,0.007703999988734722,,0.00790099985897541,,14,0
2024-10-17,,,0.007346999831497669,,0.008131000213325024,,0.007346999831497669,,0.007708999793976545,,464,0
2024-10-18,,,0.007977999746799469,,0.00798999983817339,,0.007344000041484833,,0.007346999831497669,,373,0
2024-10-19,,,0.007577999960631132,,0.00814099982380867,,0.007577999960631132,,0.007977999746799469,,120,0
2024-10-20,,,0.00788899976760149,,0.008166000247001648,,0.007528999820351601,,0.007577999960631132,,320,0
2024-10-21,,,0.007263000123202801,,0.007907000370323658,,0.007263000123202801,,0.00788899976760149,,638,0
2024-10-22,,,0.007286999840289354,,0.007412000093609095,,0.007162999827414751,,0.007263000123202801,,1094,0
2024-10-23,,,0.007069999817758799,,0.007519000209867954,,0.006887999828904867,,0.007286000065505505,,1144,0
2024-10-24,,,0.007842999882996082,,0.007842999882996082,,0.006912999786436558,,0.007073000073432922,,995,0
2024-10-25,,,0.00597700010985136,,0.007845000363886356,,0.005617999937385321,,0.007842999882996082,,3352,0
2024-10-26,,,0.005956999957561493,,0.006056000012904406,,0.005557000171393156,,0.00597700010985136,,1118,0
2024-10-27,,,0.006635999772697687,,0.006711000110954046,,0.005884999874979258,,0.00595800019800663,,1004,0
2024-10-28,,,0.006543000228703022,,0.006661000195890665,,0.006366000045090914,,0.006635999772697687,,519,0
2024-10-29,,,0.006837000139057636,,0.006839000154286623,,0.0061900001019239426,,0.006543000228703022,,332,0
2024-10-30,,,0.006674999836832285,,0.006895000115036964,,0.00649499986320734,,0.006837000139057636,,577,0
2024-10-31,,,0.006604999769479036,,0.006918000057339668,,0.006436999887228012,,0.006674999836832285,,927,0
2024-11-01,,,0.006862999871373177,,0.007149000186473131,,0.006335999816656113,,0.006604999769479036,,996,0
2024-11-02,,,0.006959000136703253,,0.007063999772071838,,0.006732000038027763,,0.006862999871373177,,1219,0
2024-11-03,,,0.007296000141650438,,0.007385999895632267,,0.006769999861717224,,0.006959000136703253,,752,0
2024-11-04,,,0.0073529998771846294,,0.007681000046432018,,0.007232999894768,,0.007296000141650438,,616,0
2024-11-05,,,0.007790999952703714,,0.007962999865412712,,0.007249000016599894,,0.0073529998771846294,,1107,0
2024-11-06,,,0.007759000174701214,,0.008268999867141247,,0.007544000167399645,,0.007790999952703714,,1594,0
2024-11-07,,,0.007938000373542309,,0.008395999670028687,,0.007753000129014254,,0.0077599999494850636,,1681,0
2024-11-08,,,0.007911999709904194,,0.008111000061035156,,0.007499000057578087,,0.007938000373542309,,1276,0
2024-11-09,,,0.008108999580144882,,0.008240999653935432,,0.00776199996471405,,0.007911999709904194,,985,0
2024-11-10,,,0.00817199982702732,,0.008325999602675438,,0.007849999703466892,,0.008108999580144882,,1213,0
2024-11-11,,,0.007261999882757664,,0.008225000463426113,,0.007205000147223473,,0.00817199982702732,,1280,0
2024-11-12,,,0.0080960001796484,,0.008142000064253807,,0.007209000177681446,,0.007261999882757664,,1274,0
2024-11-13,,,0.008139999583363533,,0.00839100033044815,,0.0077320002019405365,,0.0080960001796484,,2680,0
2024-11-14,,,0.0072130002081394196,,0.008372999727725983,,0.007211000192910433,,0.008139999583363533,,603,0
2024-11-15,,,0.0076779997907578945,,0.007685000076889992,,0.006864999886602163,,0.0072130002081394196,,336,0
2024-11-16,,,0.008302999660372734,,0.008325999602675438,,0.007038000039756298,,0.007670000195503235,,2038,0
2024-11-17,,,0.007540000136941671,,0.008305000141263008,,0.007534999866038561,,0.008302999660372734,,421,0
2024-11-18,,,0.00800199992954731,,0.00802600011229515,,0.007459000218659639,,0.007540000136941671,,336,0
2024-11-19,,,0.007972000166773796,,0.00827299989759922,,0.00710600009188056,,0.00800199992954731,,1199,0
2024-11-20,,,0.007044000085443258,,0.007973999716341496,,0.006800999864935875,,0.007972000166773796,,5175,0
2024-11-21,,,0.006961999926716089,,0.00722600007429719,,0.006800000090152025,,0.007044000085443258,,2367,0
2024-11-22,,,0.00750300008803606,,0.00790799967944622,,0.006705999840050936,,0.006961999926716089,,2997,0
2024-11-23,,,0.007594000082463026,,0.008217000402510166,,0.007488999981433153,,0.00750300008803606,,1896,0
2024-11-24,,,0.007849999703466892,,0.008105999790132046,,0.007253000047057867,,0.007594000082463026,,1572,0
2024-11-25,,,0.007822999730706215,,0.008201999589800835,,0.00725799985229969,,0.007849999703466892,,2623,0
2024-11-26,,,0.007602000143378973,,0.008243000134825706,,0.0073830001056194305,,0.007823999971151352,,4994,0
2024-11-27,,,0.00761000020429492,,0.008264999836683273,,0.0073449998162686825,,0.007602000143378973,,2455,0
2024-11-28,,,0.008249999955296516,,0.00827999971807003,,0.007019999902695417,,0.00761000020429492,,3703,0
2024-11-29,,,0.00786800030618906,,0.0082609998062253,,0.007675000000745058,,0.008249999955296516,,1731,0
2024-11-30,,,0.007538000121712685,,0.008357999846339226,,0.0070130000822246075,,0.00786800030618906,,2911,0
2024-12-01,,,0.008205000311136246,,0.008280999958515167,,0.007002000231295824,,0.007538000121712685,,2394,0
2024-12-02,,,0.00788899976760149,,0.008208000101149082,,0.007104000076651573,,0.008205000311136246,,5027,0
2024-12-03,,,0.008005999960005283,,0.008244999684393406,,0.007445000112056732,,0.007890000008046627,,5487,0
2024-12-04,,,0.00800899975001812,,0.009007999673485756,,0.007937000133097172,,0.008005999960005283,,7095,0
2024-12-05,,,0.008082999847829342,,0.008364000357687473,,0.007536000106483698,,0.00800899975001812,,2948,0
2024-12-06,,,0.008334999904036522,,0.008514000102877617,,0.00790099985897541,,0.008074999786913395,,5293,0
2024-12-07,,,0.00838799960911274,,0.008808000013232231,,0.007747000083327293,,0.008334999904036522,,9392,0
2024-12-08,,,0.009560000151395798,,0.011487999930977821,,0.008387000299990177,,0.00838799960911274,,7140,0
2024-12-09,,,0.008534999564290047,,0.009790999814867973,,0.008147000335156918,,0.009560000151395798,,2019,0
2024-12-10,,,0.008049000054597855,,0.008662999607622623,,0.008031000383198261,,0.008534999564290047,,2633,0
2024-12-11,,,0.008755000308156013,,0.008762000128626823,,0.008040999993681908,,0.008049000054597855,,1551,0
2024-12-12,,,0.008520999923348427,,0.008914999663829803,,0.008054000325500965,,0.008755000308156013,,1098,0
2024-12-13,,,0.008197000250220299,,0.008705000393092632,,0.008191999979317188,,0.008520999923348427,,827,0
2024-12-14,,,0.008654999546706676,,0.00865700002759695,,0.008193000219762325,,0.008197000250220299,,263,0
2024-12-15,,,0.00851999968290329,,0.008895999751985073,,0.008042999543249607,,0.008654999546706676,,547,0
2024-12-16,,,0.009549000300467014,,0.010046999901533127,,0.008476999588310719,,0.00851999968290329,,987,0
2024-12-17,,,0.009828000329434872,,0.011350000277161598,,0.009077999740839005,,0.009549000300467014,,4385,0
2024-12-18,,,0.009080000221729279,,0.011181999929249287,,0.009078999981284142,,0.009827000088989735,,4018,0
2024-12-19,,,0.006996000185608864,,0.009840999729931355,,0.00698600010946393,,0.009080000221729279,,7492,0
2024-12-20,,,0.007594000082463026,,0.007602000143378973,,0.006893000099807978,,0.006996000185608864,,7527,0
2024-12-21,,,0.006895999889820814,,0.007598999887704849,,0.006895000115036964,,0.007594000082463026,,3160,0
2024-12-22,,,0.007557000033557415,,0.007561999838799238,,0.006893999874591827,,0.006895999889820814,,1168,0
2024-12-23,,,0.008132999762892723,,0.008500000461935997,,0.007555999793112278,,0.007557000033557415,,5328,0
2024-12-24,,,0.008255000226199627,,0.00849200040102005,,0.007069999817758799,,0.008132999762892723,,1770,0
2024-12-25,,,0.007555999793112278,,0.00848700013011694,,0.0075530000030994415,,0.008255000226199627,,380,0
2024-12-26,,,0.007191000040620565,,0.008476000279188156,,0.007071999832987785,,0.007555999793112278,,2986,0
2024-12-27,,,0.007695999927818775,,0.008295999839901924,,0.007184999994933605,,0.007191000040620565,,2053,0
2024-12-28,,,0.008093999698758125,,0.008097999729216099,,0.0070859999395906925,,0.007695999927818775,,1664,0
2024-12-29,,,0.007213999982923269,,0.0097850002348423,,0.006738000083714724,,0.008094999939203262,,34789,0
2024-12-30,,,0.007404999807476997,,0.007406000047922134,,0.007027000188827515,,0.007213999982923269,,2827,0
2024-12-31,,,0.008213999681174755,,0.008218999952077866,,0.006984000094234943,,0.007404999807476997,,716,0
2025-01-01,,,0.008165000006556511,,0.008217000402510166,,0.006885000038892031,,0.008214999921619892,,1940,0
2025-01-02,,,0.008142000064253807,,0.008182000368833542,,0.0074629997834563255,,0.008165000006556511,,1559,0
2025-01-03,,,0.007997999899089336,,0.00814799964427948,,0.007534999866038561,,0.008143000304698944,,1158,0
2025-01-04,,,0.008070000447332859,,0.008503000251948833,,0.007701999973505735,,0.007997999899089336,,2447,0
2025-01-05,,,0.0075610000640153885,,0.00837900023907423,,0.007559000048786402,,0.008070000447332859,,479,0
2025-01-06,,,0.007658000104129314,,0.008023999631404877,,0.007553999777883291,,0.0075610000640153885,,38,0
2025-01-07,,,0.007559000048786402,,0.008488999679684639,,0.007552000228315592,,0.007656999863684177,,1495,0
2025-01-08,,,0.0074280002154409885,,0.00785799976438284,,0.007096000015735626,,0.007559000048786402,,1920,0
2025-01-09,,,0.007000000216066837,,0.007741000037640333,,0.006996000185608864,,0.0074280002154409885,,1485,0
2025-01-10,,,0.007652000058442354,,0.008403000421822071,,0.006998000200837851,,0.007000000216066837,,3044,0
2025-01-11,,,0.008390000090003014,,0.008395000360906124,,0.007521000225096941,,0.007652000058442354,,1629,0
2025-01-12,,,0.008143000304698944,,0.008394000120460987,,0.00762399984523654,,0.008390000090003014,,595,0
2025-01-13,,,0.0077840001322329044,,0.008151000365614891,,0.006990000139921904,,0.008143000304698944,,2053,0
2025-01-14,,,0.007133999839425087,,0.00802099984139204,,0.007007000036537647,,0.0077840001322329044,,611,0
2025-01-15,,,0.007222000043839216,,0.008003000169992447,,0.0069989999756217,,0.007133999839425087,,3247,0
2025-01-16,,,0.007431000005453825,,0.007925000041723251,,0.006994999945163727,,0.007222000043839216,,5404,0
2025-01-17,,,0.007003000006079674,,0.007532000076025724,,0.0069989999756217,,0.007431000005453825,,718,0
2025-01-18,,,0.007205000147223473,,0.0072119999676942825,,0.006994999945163727,,0.007003000006079674,,1711,0
2025-01-19,,,0.007826999761164188,,0.007993999868631363,,0.006887999828904867,,0.007205000147223473,,6524,0
2025-01-20,,,0.007418000139296055,,0.007997999899089336,,0.007027000188827515,,0.007826999761164188,,3285,0
2025-01-21,,,0.007329000160098076,,0.007780999876558781,,0.006988999899476767,,0.007418000139296055,,1907,0
2025-01-22,,,0.007089000195264816,,0.007331999950110912,,0.0069969999603927135,,0.007329000160098076,,1638,0
2025-01-23,,,0.006912999786436558,,0.007799999788403511,,0.006899999920278788,,0.007089000195264816,,2357,0
2025-01-24,,,0.007449000142514706,,0.007449999917298555,,0.006909000221639872,,0.006912999786436558,,3824,0
2025-01-25,,,0.007346999831497669,,0.007530999835580587,,0.006798999849706888,,0.007439000066369772,,1987,0
2025-01-26,,,0.007048000115901232,,0.007536000106483698,,0.005998999811708927,,0.007348000071942806,,7371,0
2025-01-27,,,0.007199999876320362,,0.007306999992579222,,0.006519999820739031,,0.007048000115901232,,3127,0
2025-01-28,,,0.007980999536812305,,0.008204000070691109,,0.0071760001592338085,,0.007199999876320362,,4335,0
2025-01-29,,,0.007195000071078539,,0.007984000258147717,,0.007021999917924404,,0.007980999536812305,,848,0
2025-01-30,,,0.007826000452041626,,0.008205999620258808,,0.007193999830633402,,0.007195999845862389,,2731,0
2025-01-31,,,0.0071379998698830605,,0.007828000001609325,,0.0069969999603927135,,0.007826000452041626,,2453,0
2025-02-01,,,0.0073739998042583466,,0.007972000166773796,,0.007135999854654074,,0.007137000095099211,,621,0
2025-02-02,,,0.006266999989748001,,0.007422000169754028,,0.006254999898374081,,0.0073739998042583466,,3910,0
2025-02-03,,,0.0070870001800358295,,0.008011999540030956,,0.005855000112205744,,0.006266999989748001,,3610,0
2025-02-04,,,0.0074189999140799046,,0.00800899975001812,,0.007083000149577856,,0.0070870001800358295,,2064,0
2025-02-05,,,0.007000000216066837,,0.007964000105857849,,0.0069989999756217,,0.0074189999140799046,,1728,0
2025-02-06,,,0.007984999567270279,,0.007992999628186226,,0.0069989999756217,,0.007000000216066837,,451,0
2025-02-07,,,0.006738000083714724,,0.00798999983817339,,0.006736000068485737,,0.007985999807715416,,1475,0
2025-02-08,,,0.007062999997287989,,0.0074350000359117985,,0.0066999997943639755,,0.006738000083714724,,200,0
2025-02-09,,,0.007499999832361937,,0.007505999878048897,,0.007060999982059002,,0.007062999997287989,,135,0
2025-02-10,,,0.007778999861329794,,0.0077840001322329044,,0.006996000185608864,,0.00749799981713295,,650,0
2025-02-11,,,0.007063999772071838,,0.0077840001322329044,,0.006883999798446894,,0.007778999861329794,,62,0
2025-02-12,,,0.00621700007468462,,0.007772000040858984,,0.006215999834239483,,0.007063999772071838,,1710,0
2025-02-13,,,0.006955000106245279,,0.0069599999114871025,,0.006213999819010496,,0.00621700007468462,,1133,0
2025-02-14,,,0.0066999997943639755,,0.006961999926716089,,0.00624299980700016,,0.006955000106245279,,281,0
2025-02-15,,,0.006564000155776739,,0.006701999809592962,,0.006140000186860561,,0.0066999997943639755,,913,0
2025-02-16,,,0.0065020001493394375,,0.006787999998778105,,0.006225000135600567,,0.006564000155776739,,508,0
2025-02-17,,,0.006767999846488237,,0.006775999907404184,,0.0065009999088943005,,0.0065020001493394375,,36,0
2025-02-18,,,0.006496000103652477,,0.006773999892175198,,0.0064940000884234905,,0.006767999846488237,,315,0
2025-02-19,,,0.006678999867290258,,0.006767999846488237,,0.006395999807864428,,0.006496000103652477,,1056,0
2025-02-20,,,0.006705999840050936,,0.006972999777644873,,0.006508999969810247,,0.006678999867290258,,609,0
2025-02-21,,,0.006399000063538551,,0.006709999870508909,,0.006393999792635441,,0.006705999840050936,,305,0
2025-02-22,,,0.006961999926716089,,0.007133999839425087,,0.006397000048309565,,0.006399000063538551,,1394,0
2025-02-23,,,0.007519999984651804,,0.007526999805122614,,0.0069599999114871025,,0.006961999926716089,,316,0
2025-02-24,,,0.006579000037163496,,0.007528000045567751,,0.006554000079631805,,0.007519999984651804,,560,0
2025-02-25,,,0.006579999811947346,,0.007513999938964844,,0.006566000171005726,,0.006577999796718359,,1122,0
2025-02-26,,,0.00773000018671155,,0.007747000083327293,,0.006577999796718359,,0.006579999811947346,,285,0
2025-02-27,,,0.006905000191181898,,0.007745000068098307,,0.006899999920278788,,0.00773000018671155,,869,0
2025-02-28,,,0.006839999929070473,,0.007930000312626362,,0.006837000139057636,,0.006905000191181898,,1790,0
2025-03-01,,,0.006597000174224377,,0.007315999828279018,,0.00659500015899539,,0.006839999929070473,,734,0
2025-03-02,,,0.006426999811083078,,0.007069000042974949,,0.006300999782979488,,0.006597000174224377,,1119,0
2025-03-03,,,0.005915000103414059,,0.006610000040382147,,0.0058650001883506775,,0.006426999811083078,,2413,0
2025-03-04,,,0.005867000203579664,,0.0067079998552799225,,0.005861999932676554,,0.005915000103414059,,960,0
2025-03-05,,,0.006500000134110451,,0.006504999939352274,,0.005551000125706196,,0.005867000203579664,,618,0
2025-03-06,,,0.006060999818146229,,0.007007999811321497,,0.00596599979326129,,0.006500000134110451,,576,0
2025-03-07,,,0.005931000225245953,,0.006723000202327967,,0.00584599981084466,,0.006060999818146229,,435,0
2025-03-08,,,0.006969999987632036,,0.0069969999603927135,,0.005867999978363514,,0.005931000225245953,,297,0
2025-03-09,,,0.006142999976873398,,0.00697400001809001,,0.00584599981084466,,0.006969999987632036,,110,0
2025-03-10,,,0.005386000033468008,,0.0062409997917711735,,0.005243999883532524,,0.006144000217318535,,1216,0
2025-03-11,,,0.005299000069499016,,0.005657999776303768,,0.004257999826222658,,0.005388000048696995,,7186,0
2025-03-12,,,0.004844000097364187,,0.0070050000213086605,,0.004699000157415867,,0.005299000069499016,,15133,0
2025-03-13,,,0.005179999861866236,,0.006539999973028898,,0.00484299985691905,,0.004844000097364187,,18742,0
2025-03-14,,,0.005241000093519688,,0.005501999985426664,,0.0049959998577833176,,0.005179999861866236,,739,0
2025-03-15,,,0.004763000179082155,,0.005901999771595001,,0.004763000179082155,,0.005239000078290701,,3836,0
2025-03-16,,,0.005171999800950289,,0.005324999801814556,,0.004548999946564436,,0.004763000179082155,,2039,0
2025-03-17,,,0.00697400001809001,,0.007495000027120113,,0.0050570000894367695,,0.005171999800950289,,4259,0
2025-03-18,,,0.006357999984174967,,0.007999000139534473,,0.006215999834239483,,0.006972000002861023,,15027,0
2025-03-19,,,0.007178999949246645,,0.007375999819487333,,0.006357000209391117,,0.006357999984174967,,956,0
2025-03-20,,,0.006572999991476536,,0.007290999870747328,,0.006570999976247549,,0.007178999949246645,,1626,0
2025-03-21,,,0.006773000117391348,,0.007015999872237444,,0.006498999893665314,,0.006572999991476536,,266,0
2025-03-22,,,0.006519000045955181,,0.006775999907404184,,0.0059980000369250774,,0.006773000117391348,,1146,0
2025-03-23,,,0.006674999836832285,,0.006680000107735395,,0.006002000067383051,,0.006519000045955181,,706,0
2025-03-24,,,0.007000999990850687,,0.007007000036537647,,0.006674000062048435,,0.006674999836832285,,60,0
2025-03-25,,,0.00684100016951561,,0.007205000147223473,,0.00621700007468462,,0.007000999990850687,,687,0
2025-03-26,,,0.006184000056236982,,0.0068419999442994595,,0.006016999948769808,,0.00684100016951561,,1962,0
2025-03-27,,,0.005685000214725733,,0.006390000227838755,,0.005683999974280596,,0.006184000056236982,,2083,0
2025-03-28,,,0.005797000136226416,,0.0061519998125731945,,0.005683999974280596,,0.005685000214725733,,832,0
2025-03-29,,,0.005940000060945749,,0.006070000119507313,,0.005793999880552292,,0.005797000136226416,,1080,0
2025-03-30,,,0.005162999965250492,,0.00608400022611022,,0.005160999950021505,,0.005940000060945749,,674,0
2025-03-31,,,0.0051910001784563065,,0.005630000028759241,,0.004997999873012304,,0.005162999965250492,,644,0
2025-04-01,,,0.005369000136852264,,0.005398999899625778,,0.0050490000285208225,,0.0051910001784563065,,1086,0
2025-04-02,,,0.005142000038176775,,0.005561999976634979,,0.004997000098228455,,0.005369000136852264,,2405,0
2025-04-03,,,0.005078000016510487,,0.005212000105530024,,0.005001999903470278,,0.005142000038176775,,2516,0
2025-04-04,,,0.004784000106155872,,0.005086999852210283,,0.004486999940127134,,0.005078000016510487,,3110,0
2025-04-05,,,0.005045999772846699,,0.005135999992489815,,0.004488999955356121,,0.004784000106155872,,2738,0
2025-04-06,,,0.005011000204831362,,0.005107999779284,,0.004945000167936087,,0.005045999772846699,,1802,0
2025-04-07,,,0.005107999779284,,0.005156999919563532,,0.0048940000124275684,,0.005011000204831362,,2259,0
2025-04-08,,,0.004951000213623047,,0.005121999885886908,,0.0048779998905956745,,0.005107999779284,,6891,0
2025-04-09,,,0.006215000059455633,,0.006837999913841486,,0.004883999936282635,,0.004951000213623047,,18418,0
2025-04-10,,,0.006370000075548887,,0.0079969996586442,,0.006066000089049339,,0.006215000059455633,,29990,0
2025-04-11,,,0.00622999994084239,,0.006523999851197004,,0.005654999986290932,,0.006370000075548887,,37602,0
2025-04-12,,,0.006699000019580126,,0.007197999861091375,,0.00598399993032217,,0.00622999994084239,,61171,0
2025-04-13,,,0.00596500001847744,,0.006703000050038099,,0.00584500003606081,,0.006699000019580126,,54011,0
2025-04-14,,,0.0058650001883506775,,0.006581000052392483,,0.005623000208288431,,0.00596500001847744,,58560,0
2025-04-15,,,0.006047999951988459,,0.006176999770104885,,0.005791999865323305,,0.0058650001883506775,,13808,0
2025-04-16,,,0.005915000103414059,,0.006575999781489372,,0.005867000203579664,,0.006047999951988459,,49131,0
2025-04-17,,,0.005905000027269125,,0.0062049999833106995,,0.005865999963134527,,0.005915000103414059,,68666,0
2025-04-18,,,0.005894999951124191,,0.005919000133872032,,0.005867999978363514,,0.005905000027269125,,67641,0
2025-04-19,,,0.006049000192433596,,0.006211999803781509,,0.005867000203579664,,0.005894999951124191,,68096,0
2025-04-20,,,0.00610999995842576,,0.006213000044226646,,0.005962000228464603,,0.006047000177204609,,69642,0
2025-04-21,,,0.0059910002164542675,,0.0064650001004338264,,0.005843999795615673,,0.00610999995842576,,69804,0
2025-04-22,,,0.005921999923884869,,0.006014999933540821,,0.005905000027269125,,0.0059910002164542675,,78716,0
2025-04-23,,,0.005776999983936548,,0.006033000070601702,,0.00571299996227026,,0.005921999923884869,,13981,0
2025-04-24,,,0.005297000054270029,,0.005785999819636345,,0.005001000128686428,,0.005776999983936548,,16211,0
2025-04-25,,,0.005125999916344881,,0.006337999831885099,,0.004104000050574541,,0.005297000054270029,,28525,0
2025-04-26,,,0.0037769998889416456,,0.005127000156790018,,0.0035669999197125435,,0.005127000156790018,,34858,0
2025-04-27,,,0.0027550000231713057,,0.004526999779045582,,0.0025740000419318676,,0.0037769998889416456,,42619,0
2025-04-28,,,0.00266700005158782,,0.0031010000966489315,,0.002271000063046813,,0.0027550000231713057,,38088,0
2025-04-29,,,0.0029219998978078365,,0.0031659998930990696,,0.002524999901652336,,0.00266700005158782,,20228,0
2025-04-30,,,0.002735000103712082,,0.0029219998978078365,,0.0027000000700354576,,0.0029219998978078365,,19780,0
2025-05-01,,,0.0028520000632852316,,0.0028909998945891857,,0.0025259999092668295,,0.002735000103712082,,16570,0
2025-05-02,,,0.002733000088483095,,0.002853000070899725,,0.002662000013515353,,0.002853000070899725,,17380,0
2025-05-03,,,0.0027050001081079245,,0.0028349999338388443,,0.0025019999593496323,,0.002733000088483095,,17367,0
2025-05-04,,,0.0028389999642968178,,0.0029039999935775995,,0.002644000109285116,,0.0027050001081079245,,17920,0
2025-05-05,,,0.002839999971911311,,0.0030670000705868006,,0.002678999910131097,,0.0028379999566823244,,17657,0
2025-05-06,,,0.003135999897494912,,0.0035359999164938927,,0.002781999995931983,,0.002839999971911311,,18188,0
2025-05-07,,,0.003157000057399273,,0.003215000033378601,,0.0030700000934302807,,0.003135999897494912,,24156,0
2025-05-08,,,0.003108999924734235,,0.003731000004336238,,0.0030499999411404133,,0.0031560000497847795,,32788,0
2025-05-09,,,0.0030580000020563602,,0.0037330000195652246,,0.0030219999607652426,,0.003108999924734235,,19900,0
2025-05-10,,,0.0033480001147836447,,0.003774000098928809,,0.002873999997973442,,0.0030580000020563602,,15883,0
2025-05-11,,,0.0032709999941289425,,0.0034779999405145645,,0.0030529999639838934,,0.0033480001147836447,,18154,0
2025-05-12,,,0.0030350000597536564,,0.003272000001743436,,0.002850000048056245,,0.0032709999941289425,,26977,0
2025-05-13,,,0.002867999952286482,,0.003111999947577715,,0.002756000030785799,,0.0030350000597536564,,23578,0
2025-05-14,,,0.002940000034868717,,0.003194000106304884,,0.002865999937057495,,0.002867999952286482,,28059,0
2025-05-15,,,0.002773999935016036,,0.002966000000014901,,0.0027620000764727592,,0.002940000034868717,,22807,0
2025-05-16,,,0.0029279999434947968,,0.002962999977171421,,0.002597999991849065,,0.002773999935016036,,24595,0
2025-05-17,,,0.0029039999935775995,,0.0030010000336915255,,0.0028440000023692846,,0.0029279999434947968,,26665,0
2025-05-18,,,0.002937000012025237,,0.002982999896630645,,0.002902999985963106,,0.0029039999935775995,,24853,0
2025-05-19,,,0.002899999963119626,,0.002982999896630645,,0.0028860000893473625,,0.002937000012025237,,22238,0
2025-05-20,,,0.0028979999478906393,,0.002902999985963106,,0.002887000096961856,,0.002899999963119626,,25630,0
2025-05-21,,,0.0031320000998675823,,0.0031349998898804188,,0.0028959999326616526,,0.0028979999478906393,,25594,0
