Price,Close,High,Low,Open,Volume,label
Ticker,SORA-USD,SORA-USD,SORA-USD,SORA-USD,SORA-USD,0
Date,,,,,,0
2024-01-01,0.07753899693489075,0.07800199836492538,0.07748699933290482,0.07749299705028534,0,0
2024-01-02,0.07996899634599686,0.08051300048828125,0.07753200083971024,0.07753899693489075,0,0
2024-01-03,0.06932400166988373,0.08075899630784988,0.0693110004067421,0.07996899634599686,0,0
2024-01-04,0.069923996925354,0.07047799974679947,0.05279399827122688,0.06932400166988373,0,0
2024-01-05,0.06291499733924866,0.07029400020837784,0.05445700138807297,0.069923996925354,0,0
2024-01-06,0.0918710008263588,0.10944700241088867,0.048399001359939575,0.06291499733924866,0,0
2024-01-07,0.15798799693584442,0.15856100618839264,0.09146299958229065,0.0918710008263588,0,0
2024-01-08,0.1334879994392395,0.16141299903392792,0.08760400116443634,0.15798799693584442,0,0
2024-01-09,0.0885239988565445,0.16835999488830566,0.08841700106859207,0.1334879994392395,0,0
2024-01-10,0.07004199922084808,0.09003700315952301,0.07002399861812592,0.0885239988565445,0,0
2024-01-11,0.06850799918174744,0.07231400161981583,0.06712500005960464,0.07004199922084808,0,0
2024-01-12,0.1628440022468567,0.16935600340366364,0.06803499907255173,0.06850799918174744,0,0
2024-01-13,0.1483979970216751,0.162882000207901,0.1479019969701767,0.1628440022468567,0,0
2024-01-14,0.15215900540351868,0.152878999710083,0.14790500700473785,0.1483979970216751,0,0
2024-01-15,0.14370200037956238,0.15268999338150024,0.14362700283527374,0.15215900540351868,0,0
2024-01-16,0.06340199708938599,0.14437900483608246,0.06290800124406815,0.14370200037956238,0,0
2024-01-17,0.07628799974918365,0.14175599813461304,0.059491999447345734,0.06340199708938599,0,0
2024-01-18,0.06766299903392792,0.07687000185251236,0.0669960007071495,0.07628799974918365,0,0
2024-01-19,0.06127599999308586,0.06766299903392792,0.06126699969172478,0.06766299903392792,0,0
2024-01-20,0.06196200102567673,0.06251999735832214,0.054531000554561615,0.06127599999308586,0,0
2024-01-21,0.0577940009534359,0.06199600175023079,0.057363998144865036,0.06196200102567673,0,0
2024-01-22,0.06038900092244148,0.06157900020480156,0.057346999645233154,0.0577940009534359,0,0
2024-01-23,0.058917999267578125,0.06042400002479553,0.052553001791238785,0.06038900092244148,0,0
2024-01-24,0.0601859986782074,0.06036999821662903,0.058844998478889465,0.058917999267578125,0,0
2024-01-25,0.058821000158786774,0.0601859986782074,0.05879700183868408,0.0601859986782074,0,0
2024-01-26,0.04435800015926361,0.05923299863934517,0.04319699853658676,0.058821000158786774,0,0
2024-01-27,0.05677499994635582,0.05712300166487694,0.04435700178146362,0.04435800015926361,0,0
2024-01-28,0.05431399866938591,0.05678499862551689,0.05429200083017349,0.05677499994635582,0,0
2024-01-29,0.05419100075960159,0.05471400171518326,0.05418600142002106,0.05431399866938591,0,0
2024-01-30,0.05498899891972542,0.057020001113414764,0.04543299973011017,0.05419100075960159,0,0
2024-01-31,0.050374001264572144,0.05530399829149246,0.04650399833917618,0.05498899891972542,0,0
2024-02-01,0.05230899900197983,0.05335000157356262,0.04991599917411804,0.050374001264572144,0,0
2024-02-02,0.05178799852728844,0.052352000027894974,0.051777999848127365,0.05230899900197983,0,0
2024-02-03,0.05573299899697304,0.05619699880480766,0.04335999861359596,0.05178799852728844,0,0
2024-02-04,0.05018800124526024,0.056338999420404434,0.047602999955415726,0.05573299899697304,0,0
2024-02-05,0.05078599974513054,0.051013000309467316,0.04973199963569641,0.05018800124526024,0,0
2024-02-06,0.04982500150799751,0.05136200040578842,0.049740999937057495,0.05078599974513054,0,0
2024-02-07,0.051601000130176544,0.0516589991748333,0.049584999680519104,0.04982500150799751,0,0
2024-02-08,0.052521999925374985,0.05489400029182434,0.050331000238657,0.051601000130176544,0,0
2024-02-09,0.05275699868798256,0.053877998143434525,0.052303001284599304,0.052521999925374985,0,0
2024-02-10,0.05230399966239929,0.0530799999833107,0.05204499885439873,0.05275699868798256,0,0
2024-02-11,0.05075500160455704,0.05458100140094757,0.050158001482486725,0.05230399966239929,0,0
2024-02-12,0.05217000097036362,0.05379899963736534,0.050317998975515366,0.05075500160455704,0,0
2024-02-13,0.05128699913620949,0.05256500095129013,0.051256000995635986,0.05217000097036362,0,0
2024-02-14,0.051982998847961426,0.052434999495744705,0.050794001668691635,0.05128699913620949,0,0
2024-02-15,0.052003998309373856,0.05347499996423721,0.050335999578237534,0.051982998847961426,0,0
2024-02-16,0.056421998888254166,0.056460000574588776,0.04606200009584427,0.052003998309373856,0,0
2024-02-17,0.054792001843452454,0.05642800033092499,0.04962800070643425,0.056421998888254166,0,0
2024-02-18,0.06440799683332443,0.0650010034441948,0.054792001843452454,0.054792001843452454,0,0
2024-02-19,0.06907399743795395,0.06991899758577347,0.05634799972176552,0.06440799683332443,0,0
2024-02-20,0.06672599911689758,0.06909599900245667,0.05843299999833107,0.06907399743795395,0,0
2024-02-21,0.06333500146865845,0.06741999834775925,0.05823000147938728,0.06672599911689758,0,0
2024-02-22,0.066880002617836,0.0673770010471344,0.06317699700593948,0.06333500146865845,0,0
2024-02-23,0.05665700137615204,0.0682239979505539,0.05556200072169304,0.066880002617836,0,0
2024-02-24,0.05475199967622757,0.057277001440525055,0.03714099898934364,0.05665700137615204,0,0
2024-02-25,0.054646000266075134,0.055222999304533005,0.04401800036430359,0.05475199967622757,0,0
2024-02-26,0.04946799948811531,0.05724399909377098,0.04439700022339821,0.054646000266075134,0,0
2024-02-27,0.05579400062561035,0.056244999170303345,0.03986100107431412,0.04946799948811531,0,0
2024-02-28,0.052237000316381454,0.05581999942660332,0.051277000457048416,0.05579400062561035,0,0
2024-02-29,0.048305999487638474,0.05943699926137924,0.048280999064445496,0.052237000316381454,0,0
2024-03-01,0.045214999467134476,0.051235001534223557,0.045170001685619354,0.048305999487638474,0,0
2024-03-02,0.05760800093412399,0.05851000174880028,0.04471899941563606,0.045214999467134476,0,0
2024-03-03,0.054193999618291855,0.05823399871587753,0.0467739999294281,0.05760800093412399,0,0
2024-03-04,0.051594000309705734,0.05970500037074089,0.046769000589847565,0.054193999618291855,0,0
2024-03-05,0.0515890009701252,0.0536700002849102,0.05073000118136406,0.051594000309705734,0,0
2024-03-06,0.055615998804569244,0.05708099901676178,0.050818998366594315,0.0515890009701252,0,0
2024-03-07,0.056940000504255295,0.05710799992084503,0.05433199927210808,0.055615998804569244,0,0
2024-03-08,0.05652900040149689,0.05713900178670883,0.05244499817490578,0.056940000504255295,0,0
2024-03-09,0.05726499855518341,0.05726800113916397,0.055456001311540604,0.05652900040149689,0,0
2024-03-10,0.05687699839472771,0.05823199823498726,0.055980999022722244,0.05726499855518341,0,0
2024-03-11,0.054290998727083206,0.0572349987924099,0.05074499920010567,0.05687699839472771,0,0
2024-03-12,0.06014600023627281,0.06031600013375282,0.054281000047922134,0.054290998727083206,0,0
2024-03-13,0.08330400288105011,0.09253499656915665,0.059053000062704086,0.06014600023627281,0,0
2024-03-14,0.0879720002412796,0.09421800076961517,0.08130600303411484,0.08330400288105011,0,0
2024-03-15,0.09137500077486038,0.09267500042915344,0.07900600135326385,0.0879720002412796,0,0
2024-03-16,0.08805300295352936,0.09354300051927567,0.08738800138235092,0.09137500077486038,0,0
2024-03-17,0.08680400252342224,0.08882799744606018,0.08680199831724167,0.08805300295352936,0,0
2024-03-18,0.08959600329399109,0.09229099750518799,0.08622100204229355,0.08680400252342224,0,0
2024-03-19,0.0870250016450882,0.08960799872875214,0.08633299916982651,0.08959600329399109,0,0
2024-03-20,0.08736299723386765,0.08761099725961685,0.08618900179862976,0.0870250016450882,0,0
2024-03-21,0.08969800174236298,0.08970499783754349,0.08349200338125229,0.08736299723386765,0,0
2024-03-22,0.08747299760580063,0.09170400351285934,0.08704599738121033,0.08969800174236298,0,0
2024-03-23,0.0844699963927269,0.08773099631071091,0.0839259997010231,0.08747299760580063,0,0
2024-03-24,0.08849599957466125,0.08894100040197372,0.08266399800777435,0.0844699963927269,0,0
2024-03-25,0.08581700176000595,0.09332399815320969,0.0773020014166832,0.08849599957466125,0,0
2024-03-26,0.0836080014705658,0.08813899755477905,0.08265600353479385,0.08581700176000595,0,0
2024-03-27,0.08157700300216675,0.08361800014972687,0.08092500269412994,0.0836080014705658,0,0
2024-03-28,0.08423099666833878,0.08485499769449234,0.08118700236082077,0.08157700300216675,0,0
2024-03-29,0.07638099789619446,0.08483900129795074,0.07582499831914902,0.08423099666833878,0,0
2024-03-30,0.07253900170326233,0.07906699925661087,0.0725340023636818,0.07638099789619446,0,0
2024-03-31,0.04400699958205223,0.0734580010175705,0.043049998581409454,0.07253900170326233,0,0
2024-04-01,0.049782998859882355,0.05505700036883354,0.04118499904870987,0.04400699958205223,0,0
2024-04-02,0.05417000129818916,0.05675800144672394,0.0489719994366169,0.049782998859882355,0,0
2024-04-03,0.04397299885749817,0.05511799827218056,0.04158800095319748,0.05417000129818916,0,0
2024-04-04,0.05036399886012077,0.0507190003991127,0.04011800140142441,0.04397299885749817,0,0
2024-04-05,0.05309800058603287,0.05399300158023834,0.045451998710632324,0.05036399886012077,0,0
2024-04-06,0.05257900059223175,0.05345100164413452,0.05179800093173981,0.05309800058603287,0,0
2024-04-07,0.05011000111699104,0.05445300042629242,0.044429000467061996,0.05257900059223175,0,0
2024-04-08,0.05547399818897247,0.05830499902367592,0.04998699948191643,0.05011000111699104,0,0
2024-04-09,0.05433500185608864,0.056074999272823334,0.045798998326063156,0.05547399818897247,0,0
2024-04-10,0.054590001702308655,0.05466099828481674,0.05362100154161453,0.05433500185608864,0,0
2024-04-11,0.03992199897766113,0.054676998406648636,0.03972899913787842,0.054590001702308655,0,0
2024-04-12,0.051256000995635986,0.05352099984884262,0.03477200120687485,0.03992199897766113,0,0
2024-04-13,0.044119998812675476,0.05131100118160248,0.0398470014333725,0.051256000995635986,0,0
2024-04-14,0.040415000170469284,0.04425099864602089,0.040382999926805496,0.044119998812675476,0,0
2024-04-15,0.04139399901032448,0.04256200045347214,0.0331990011036396,0.040415000170469284,0,0
2024-04-16,0.040456000715494156,0.04207000136375427,0.040453001856803894,0.04139399901032448,0,0
2024-04-17,0.03431599959731102,0.04149400070309639,0.03334999829530716,0.040456000715494156,0,0
2024-04-18,0.07185400277376175,0.07348799705505371,0.033303000032901764,0.03431599959731102,0,0
2024-04-19,0.06761399656534195,0.07240299880504608,0.06633900105953217,0.07185400277376175,0,0
2024-04-20,0.06761299818754196,0.06827100366353989,0.06698600202798843,0.06761399656534195,0,0
2024-04-21,0.05580100044608116,0.06929600238800049,0.05555599927902222,0.06761299818754196,0,0
2024-04-22,0.05588899925351143,0.055900998413562775,0.055149998515844345,0.05580100044608116,0,0
2024-04-23,0.05647499859333038,0.05680999904870987,0.05514099821448326,0.05588899925351143,0,0
2024-04-24,0.03558500111103058,0.05647600069642067,0.03488000109791756,0.05647499859333038,0,0
2024-04-25,0.047338999807834625,0.0518140010535717,0.034765999764204025,0.03558500111103058,0,0
2024-04-26,0.047752998769283295,0.04853300005197525,0.04673200100660324,0.047338999807834625,0,0
2024-04-27,0.04976600036025047,0.049768999218940735,0.046119000762701035,0.047752998769283295,0,0
2024-04-28,0.04975900053977966,0.049904998391866684,0.04909500107169151,0.04976600036025047,0,0
2024-04-29,0.047850001603364944,0.04986400157213211,0.036038000136613846,0.04975900053977966,0,0
2024-04-30,0.04825799912214279,0.048909999430179596,0.04773100093007088,0.047850001603364944,0,0
2024-05-01,0.04691699892282486,0.04935399815440178,0.046257998794317245,0.04825799912214279,0,0
2024-05-02,0.04681999981403351,0.04866399988532066,0.04621800035238266,0.04691699892282486,0,0
2024-05-03,0.047951001673936844,0.048587001860141754,0.04622400179505348,0.04681999981403351,0,0
2024-05-04,0.048962000757455826,0.0490339994430542,0.04722600057721138,0.047951001673936844,0,0
2024-05-05,0.048333000391721725,0.049894001334905624,0.04777200147509575,0.048962000757455826,0,0
2024-05-06,0.03823300078511238,0.05009099841117859,0.038075998425483704,0.048333000391721725,0,0
2024-05-07,0.04847399890422821,0.048604000359773636,0.037967998534440994,0.03823300078511238,0,0
2024-05-08,0.04703599959611893,0.048622000962495804,0.047012001276016235,0.04847399890422821,0,0
2024-05-09,0.04710499942302704,0.048604998737573624,0.04703399911522865,0.04703599959611893,0,0
2024-05-10,0.04727200046181679,0.047958001494407654,0.04709700122475624,0.04710499942302704,0,0
2024-05-11,0.04194999858736992,0.047887999564409256,0.034283000975847244,0.04727200046181679,0,0
2024-05-12,0.04043399915099144,0.04268300160765648,0.030198000371456146,0.04194999858736992,0,0
2024-05-13,0.04252000153064728,0.04288800060749054,0.04040199890732765,0.04043399915099144,0,0
2024-05-14,0.035794999450445175,0.04252700135111809,0.024934999644756317,0.04252000153064728,0,0
2024-05-15,0.03818200156092644,0.03818399831652641,0.03525499999523163,0.035794999450445175,0,0
2024-05-16,0.03729899972677231,0.03827400133013725,0.0372529998421669,0.03818200156092644,0,0
2024-05-17,0.03718800097703934,0.037980999797582626,0.03686600178480148,0.03729899972677231,0,0
2024-05-18,0.03834100067615509,0.038350000977516174,0.03717600181698799,0.03718800097703934,0,0
2024-05-19,0.03126699849963188,0.038346998393535614,0.03125299885869026,0.03834100067615509,0,0
2024-05-20,0.033615998923778534,0.033619001507759094,0.031230999156832695,0.03126699849963188,0,0
2024-05-21,0.03264100104570389,0.03405499830842018,0.032572001218795776,0.033615998923778534,0,0
2024-05-22,0.04631099849939346,0.04780900105834007,0.03263700008392334,0.03264100104570389,0,0
2024-05-23,0.0417650006711483,0.04658399894833565,0.04103799909353256,0.04631099849939346,0,0
2024-05-24,0.041802000254392624,0.042452000081539154,0.040991999208927155,0.0417650006711483,0,0
2024-05-25,0.04126700013875961,0.04230799898505211,0.040755998343229294,0.041802000254392624,0,0
2024-05-26,0.04479200020432472,0.04518600180745125,0.04082600027322769,0.04126700013875961,0,0
2024-05-27,0.04339899867773056,0.046953000128269196,0.0424950011074543,0.04479200020432472,0,0
2024-05-28,0.0390390008687973,0.043414000421762466,0.03813999891281128,0.04339899867773056,0,0
2024-05-29,0.039514001458883286,0.04064600169658661,0.038927000015974045,0.0390390008687973,0,0
2024-05-30,0.04193900153040886,0.042601000517606735,0.03896100074052811,0.039514001458883286,0,0
2024-05-31,0.03852500021457672,0.04244000092148781,0.03676600009202957,0.04193900153040886,0,0
2024-06-01,0.039326999336481094,0.03985700011253357,0.038300998508930206,0.03852500021457672,0,0
2024-06-02,0.03844999894499779,0.039379000663757324,0.03844999894499779,0.039326999336481094,0,0
2024-06-03,0.039083998650312424,0.04023199900984764,0.037973999977111816,0.03844999894499779,0,0
2024-06-04,0.028783999383449554,0.03908900171518326,0.022979000583291054,0.039083998650312424,0,0
2024-06-05,0.038447000086307526,0.04020699858665466,0.02851100079715252,0.028783999383449554,0,0
2024-06-06,0.03974999859929085,0.04191400110721588,0.0378509983420372,0.038447000086307526,0,0
2024-06-07,0.030344000086188316,0.04163099825382233,0.029802000150084496,0.03974999859929085,0,0
2024-06-08,0.033636000007390976,0.03384599834680557,0.029861999675631523,0.030344000086188316,0,0
2024-06-09,0.033633001148700714,0.033764999359846115,0.032680999487638474,0.033636000007390976,0,0
2024-06-10,0.027445999905467033,0.034012001007795334,0.027445999905467033,0.033633001148700714,0,0
2024-06-11,0.02612300030887127,0.03231799975037575,0.02612300030887127,0.027445999905467033,0,0
2024-06-12,0.027713000774383545,0.02792299911379814,0.026117999106645584,0.02612300030887127,0,0
2024-06-13,0.0265749990940094,0.027938999235630035,0.026548000052571297,0.027713000774383545,0,0
2024-06-14,0.02718600071966648,0.028488999232649803,0.026280000805854797,0.0265749990940094,0,0
2024-06-15,0.02753799967467785,0.027823999524116516,0.026892999187111855,0.02718600071966648,0,0
2024-06-16,0.027907000854611397,0.028209000825881958,0.027194000780582428,0.02753799967467785,0,0
2024-06-17,0.03148600086569786,0.03177899867296219,0.027223000302910805,0.027907000854611397,0,0
2024-06-18,0.03462599962949753,0.03468000143766403,0.030657999217510223,0.03148600086569786,0,0
2024-06-19,0.033312998712062836,0.034664999693632126,0.0333079993724823,0.03462599962949753,0,0
2024-06-20,0.026027999818325043,0.034056998789310455,0.025499999523162842,0.033312998712062836,0,0
2024-06-21,0.03199699893593788,0.03210600093007088,0.025715000927448273,0.026027999818325043,0,0
2024-06-22,0.03483400121331215,0.03547799959778786,0.03136499971151352,0.03199699893593788,0,0
2024-06-23,0.03495800122618675,0.035450998693704605,0.03437399864196777,0.03483400121331215,0,0
2024-06-24,0.031828999519348145,0.035036999732255936,0.03182699903845787,0.03495800122618675,0,0
2024-06-25,0.03958500176668167,0.039875999093055725,0.031814999878406525,0.031828999519348145,0,0
2024-06-26,0.03823800012469292,0.040449999272823334,0.03823399916291237,0.03958500176668167,0,0
2024-06-27,0.038343001157045364,0.0388760007917881,0.03771600127220154,0.03823800012469292,0,0
2024-06-28,0.03902199864387512,0.039191000163555145,0.03771600127220154,0.038343001157045364,0,0
2024-06-29,0.03755199909210205,0.039174001663923264,0.0369499996304512,0.03902199864387512,0,0
2024-06-30,0.03732600063085556,0.03796900063753128,0.036593999713659286,0.03755199909210205,0,0
2024-07-01,0.03778399899601936,0.03810200095176697,0.03677700087428093,0.03732600063085556,0,0
2024-07-02,0.03587400168180466,0.03780600056052208,0.03578900173306465,0.03778399899601936,0,0
2024-07-03,0.03595700114965439,0.03736500069499016,0.03537200018763542,0.03587400168180466,0,0
2024-07-04,0.02430500090122223,0.03664899989962578,0.02430500090122223,0.03595700114965439,0,0
2024-07-05,0.024296000599861145,0.024886999279260635,0.0227230004966259,0.02430500090122223,0,0
2024-07-06,0.024783000349998474,0.025394000113010406,0.023749999701976776,0.024296000599861145,0,0
2024-07-07,0.04321900010108948,0.04789799824357033,0.024253999814391136,0.024783000349998474,0,0
2024-07-08,0.04669500142335892,0.04682299867272377,0.030734999105334282,0.04321900010108948,0,0
2024-07-09,0.027086999267339706,0.04884999990463257,0.026176000013947487,0.04669500142335892,0,0
2024-07-10,0.027806000784039497,0.02783600054681301,0.026395000517368317,0.027086999267339706,0,0
2024-07-11,0.02769099920988083,0.028470000252127647,0.02707199938595295,0.027806000784039497,0,0
2024-07-12,0.02652999944984913,0.028193999081850052,0.026203999295830727,0.02769099920988083,0,0
2024-07-13,0.02739799953997135,0.02768399938941002,0.026479000225663185,0.02652999944984913,0,0
2024-07-14,0.027595000341534615,0.02828500047326088,0.027141999453306198,0.02739799953997135,0,0
2024-07-15,0.028440000489354134,0.029315000399947166,0.02758999913930893,0.027595000341534615,0,0
2024-07-16,0.0298909991979599,0.0298909991979599,0.028402000665664673,0.028440000489354134,0,0
2024-07-17,0.029211999848484993,0.029911000281572342,0.029068000614643097,0.0298909991979599,0,0
2024-07-18,0.029277000576257706,0.030062999576330185,0.029210999608039856,0.029211999848484993,0,0
2024-07-19,0.03014799952507019,0.030740000307559967,0.029055999591946602,0.029277000576257706,0,0
2024-07-20,0.02995000034570694,0.030710000544786453,0.02975500002503395,0.03014799952507019,0,0
2024-07-21,0.030375000089406967,0.03057900071144104,0.029659999534487724,0.02995000034570694,0,0
2024-07-22,0.030023999512195587,0.03132899850606918,0.029472000896930695,0.030375000089406967,0,0
2024-07-23,0.030695000663399696,0.03077000007033348,0.02931799925863743,0.030023999512195587,0,0
2024-07-24,0.03005800023674965,0.03079099953174591,0.029898999258875847,0.030695000663399696,0,0
2024-07-25,0.0294950008392334,0.05028799921274185,0.029419999569654465,0.03005800023674965,0,0
2024-07-26,0.029843999072909355,0.030528999865055084,0.029472999274730682,0.0294950008392334,0,0
2024-07-27,0.042732998728752136,0.043946001678705215,0.02976899966597557,0.029843999072909355,0,0
2024-07-28,0.04265600070357323,0.04421199858188629,0.0422540009021759,0.042732998728752136,0,0
2024-07-29,0.045072998851537704,0.04535999894142151,0.04265499860048294,0.04265600070357323,0,0
2024-07-30,0.04424799978733063,0.04508800059556961,0.04321499913930893,0.045072998851537704,0,0
2024-07-31,0.042830999940633774,0.04425499960780144,0.04198399931192398,0.04424799978733063,0,0
2024-08-01,0.04084299877285957,0.04303500056266785,0.03914700075984001,0.042830999940633774,0,0
2024-08-02,0.04224799945950508,0.0430309996008873,0.04084299877285957,0.04084299877285957,0,0
2024-08-03,0.03964899852871895,0.04287000000476837,0.039538998156785965,0.04224799945950508,0,0
2024-08-04,0.039041001349687576,0.04060500115156174,0.038878001272678375,0.03964899852871895,0,0
2024-08-05,0.035294998437166214,0.0419280007481575,0.032579999417066574,0.039041001349687576,0,0
2024-08-06,0.03743100166320801,0.03809899836778641,0.035294998437166214,0.035294998437166214,0,0
2024-08-07,0.03624799847602844,0.03851399943232536,0.03601299971342087,0.03743100166320801,0,0
2024-08-08,0.04023199900984764,0.04109099879860878,0.03616400063037872,0.03624799847602844,0,0
2024-08-09,0.039684999734163284,0.04085399955511093,0.039058998227119446,0.04023199900984764,0,0
2024-08-10,0.03896800056099892,0.04013799875974655,0.03852200135588646,0.039684999734163284,0,0
2024-08-11,0.038823001086711884,0.039507001638412476,0.03784500062465668,0.03896800056099892,0,0
2024-08-12,0.03884899988770485,0.039184000343084335,0.037372998893260956,0.038823001086711884,0,0
2024-08-13,0.03842199966311455,0.039229001849889755,0.03817399963736534,0.03884899988770485,0,0
2024-08-14,0.03810099884867668,0.03962400183081627,0.03799999877810478,0.03842199966311455,0,0
2024-08-15,0.03651300072669983,0.039445001631975174,0.03599900007247925,0.03810099884867668,0,0
2024-08-16,0.03729800134897232,0.03933599963784218,0.03644900023937225,0.03651300072669983,0,0
2024-08-17,0.038015998899936676,0.03962099924683571,0.037057001143693924,0.03729800134897232,0,0
2024-08-18,0.0392020009458065,0.03929999843239784,0.03672799840569496,0.038015998899936676,0,0
2024-08-19,0.03840300068259239,0.039250001311302185,0.037654999643564224,0.0392020009458065,0,0
2024-08-20,0.03922000154852867,0.04010400176048279,0.03834100067615509,0.03840300068259239,0,0
2024-08-21,0.03960400074720383,0.040052998811006546,0.03902899846434593,0.03961699828505516,0,0
2024-08-22,0.03832799941301346,0.04029500111937523,0.037852998822927475,0.03960400074720383,0,0
2024-08-23,0.040612999349832535,0.04103200137615204,0.03825400024652481,0.03832799941301346,0,0
2024-08-24,0.04012899845838547,0.041207000613212585,0.03986100107431412,0.040612999349832535,0,0
2024-08-25,0.03771999850869179,0.04161100089550018,0.03709400072693825,0.04012899845838547,0,0
2024-08-26,0.03946800157427788,0.03954700008034706,0.03673199936747551,0.03771999850869179,0,0
2024-08-27,0.03824400156736374,0.04066300019621849,0.03823399916291237,0.03946800157427788,0,0
2024-08-28,0.037992000579833984,0.039308998733758926,0.037992000579833984,0.03824400156736374,0,0
2024-08-29,0.026290999725461006,0.03883099928498268,0.02558399923145771,0.037992000579833984,0,0
2024-08-30,0.04105899855494499,0.04239000007510185,0.02558399923145771,0.026290999725461006,0,0
2024-08-31,0.0416329987347126,0.0422700010240078,0.04105899855494499,0.04105899855494499,0,0
2024-09-01,0.040918998420238495,0.042674001306295395,0.04090600088238716,0.0416329987347126,0,0
2024-09-02,0.04182099923491478,0.042750999331474304,0.04059499874711037,0.040918998420238495,0,0
2024-09-03,0.042674001306295395,0.042844999581575394,0.04103900119662285,0.04182099923491478,0,0
2024-09-04,0.04034300148487091,0.042674001306295395,0.039041999727487564,0.042674001306295395,0,0
2024-09-05,0.0395359992980957,0.04112200066447258,0.03897700086236,0.04034300148487091,0,0
2024-09-06,0.04130300134420395,0.0439630001783371,0.03832099959254265,0.0395359992980957,0,0
2024-09-07,0.042006999254226685,0.04248400032520294,0.040748000144958496,0.04130300134420395,0,0
2024-09-08,0.0426350012421608,0.04274500161409378,0.04123200103640556,0.042006999254226685,0,0
2024-09-09,0.04322100058197975,0.04475700110197067,0.04197800159454346,0.0426350012421608,0,0
2024-09-10,0.042858000844717026,0.04366600140929222,0.04219600185751915,0.04322100058197975,0,0
2024-09-11,0.044555000960826874,0.044617000967264175,0.041248999536037445,0.042858000844717026,0,0
2024-09-12,0.04492399841547012,0.0458419993519783,0.043935999274253845,0.044555000960826874,0,0
2024-09-13,0.047067999839782715,0.047067999839782715,0.044098999351263046,0.04492399841547012,0,0
2024-09-14,0.04664799943566322,0.047359999269247055,0.04511599987745285,0.047067999839782715,0,0
2024-09-15,0.0453840009868145,0.04740700125694275,0.04520300030708313,0.04664799943566322,0,0
2024-09-16,0.04518900066614151,0.04738700017333031,0.044091999530792236,0.0453840009868145,0,0
2024-09-17,0.04684299975633621,0.047600001096725464,0.044397998601198196,0.04518900066614151,0,0
2024-09-18,0.046491000801324844,0.04748399928212166,0.0452830009162426,0.04684299975633621,0,0
2024-09-19,0.0476359985768795,0.04905400052666664,0.04648900032043457,0.046491000801324844,0,0
2024-09-20,0.04599900171160698,0.04852699860930443,0.04537799954414368,0.0476359985768795,0,0
2024-09-21,0.045903999358415604,0.04842900112271309,0.045451000332832336,0.04599900171160698,0,0
2024-09-22,0.044043999165296555,0.04713499918580055,0.04399599879980087,0.045903999358415604,0,0
2024-09-23,0.04380600154399872,0.04687400162220001,0.03959999978542328,0.044043999165296555,0,0
2024-09-24,0.022825999185442924,0.04538999870419502,0.02280299924314022,0.04380600154399872,0,0
2024-09-25,0.019930999726057053,0.024901999160647392,0.01942400075495243,0.022825999185442924,0,0
2024-09-26,0.015630999580025673,0.02101000025868416,0.014770999550819397,0.019930999726057053,0,0
2024-09-27,0.022207999601960182,0.022242000326514244,0.015204999595880508,0.015630999580025673,0,0
2024-09-28,0.018989000469446182,0.024922000244259834,0.01859300024807453,0.022207999601960182,0,0
2024-09-29,0.01396199967712164,0.019997000694274902,0.01396000012755394,0.018989000469446182,0,0
2024-09-30,0.01471100002527237,0.01667100004851818,0.01396199967712164,0.01396199967712164,0,0
2024-10-01,0.01520800031721592,0.016195999458432198,0.013964000158011913,0.01471100002527237,0,0
2024-10-02,0.015332999639213085,0.015478000044822693,0.014587000012397766,0.01520800031721592,0,0
2024-10-03,0.014573999680578709,0.01535400003194809,0.014375000260770321,0.015332999639213085,0,0
2024-10-04,0.015296000055968761,0.015577999874949455,0.014449999667704105,0.014573999680578709,0,0
2024-10-05,0.01548799965530634,0.01570500060915947,0.01473699975758791,0.015296000055968761,0,0
2024-10-06,0.014992999844253063,0.015697000548243523,0.014826999977231026,0.01548799965530634,0,0
2024-10-07,0.01637200079858303,0.01664300076663494,0.014987999573349953,0.014992999844253063,0,0
2024-10-08,0.01533500012010336,0.016659999266266823,0.015274999663233757,0.01637200079858303,0,0
2024-10-09,0.015691999346017838,0.016196999698877335,0.015058999881148338,0.01533500012010336,0,0
2024-10-10,0.015627000480890274,0.01586499996483326,0.014751999638974667,0.015691999346017838,0,0
2024-10-11,0.015573999844491482,0.01644499972462654,0.015106000006198883,0.015627000480890274,0,0
2024-10-12,0.015135000459849834,0.01628199964761734,0.01499900035560131,0.015573999844491482,0,0
2024-10-13,0.01561299990862608,0.015773000195622444,0.014875000342726707,0.015135000459849834,0,0
2024-10-14,0.015545999631285667,0.01613599993288517,0.014870000071823597,0.01561299990862608,0,0
2024-10-15,0.016659999266266823,0.016675999388098717,0.014907999895513058,0.015545999631285667,0,0
2024-10-16,0.032673999667167664,0.03280099853873253,0.015956999734044075,0.016659999266266823,0,0
2024-10-17,0.014113999903202057,0.03279900178313255,0.013988000340759754,0.032673999667167664,0,0
2024-10-18,0.018699999898672104,0.018931999802589417,0.01409200020134449,0.014113999903202057,0,0
2024-10-19,0.0181099995970726,0.018850000575184822,0.018014999106526375,0.018699999898672104,0,0
2024-10-20,0.019245000556111336,0.019305000081658363,0.01807600073516369,0.0181099995970726,0,0
2024-10-21,0.0185100007802248,0.019341999664902687,0.017774999141693115,0.019245000556111336,0,0
2024-10-22,0.018369000405073166,0.01874000020325184,0.017841000109910965,0.0185100007802248,0,0
2024-10-23,0.01848600059747696,0.01850000023841858,0.017358999699354172,0.018369000405073166,0,0
2024-10-24,0.016023000702261925,0.018704000860452652,0.015225999988615513,0.018547000363469124,0,0
2024-10-25,0.015776999294757843,0.01622300036251545,0.015143999829888344,0.016023000702261925,0,0
2024-10-26,0.015352999791502953,0.016093000769615173,0.015142999589443207,0.015776999294757843,0,0
2024-10-27,0.012214000336825848,0.016033999621868134,0.012051000259816647,0.015352999791502953,0,0
2024-10-28,0.016654999926686287,0.017396999523043633,0.012171000242233276,0.012214000336825848,0,0
2024-10-29,0.016976000741124153,0.01771100051701069,0.01645199954509735,0.016654999926686287,0,0
2024-10-30,0.017128000035881996,0.017861999571323395,0.016784999519586563,0.016976000741124153,0,0
2024-10-31,0.019300999119877815,0.019473999738693237,0.017051000148057938,0.017128000035881996,0,0
2024-11-01,0.024562999606132507,0.02514299936592579,0.01840299926698208,0.019300999119877815,0,0
2024-11-02,0.018226999789476395,0.043574001640081406,0.018195999786257744,0.024562999606132507,0,0
2024-11-03,0.022693999111652374,0.027302000671625137,0.01787799969315529,0.018842000514268875,0,0
2024-11-04,0.0218959990888834,0.022835999727249146,0.02172599919140339,0.022693999111652374,0,0
2024-11-05,0.022414999082684517,0.023384999483823776,0.021800000220537186,0.0218959990888834,0,0
2024-11-06,0.01510700024664402,0.02469000034034252,0.014820000156760216,0.022414999082684517,0,0
2024-11-07,0.015149000100791454,0.015814000740647316,0.014921999536454678,0.01510700024664402,0,0
2024-11-08,0.013856999576091766,0.015954000875353813,0.013187999837100506,0.015149000100791454,0,0
2024-11-09,0.013209999538958073,0.013962999917566776,0.013082999736070633,0.013856999576091766,0,0
2024-11-10,0.017093999311327934,0.01931999996304512,0.013190999627113342,0.013209999538958073,0,0
2024-11-11,0.018578000366687775,0.018730999901890755,0.016419999301433563,0.017093999311327934,0,0
2024-11-12,0.017705999314785004,0.01888900063931942,0.017148999497294426,0.018578000366687775,0,0
2024-11-13,0.01844099909067154,0.019308000802993774,0.01724500022828579,0.017705999314785004,0,0
2024-11-14,0.017548000440001488,0.018657000735402107,0.01685200072824955,0.01844099909067154,0,0
2024-11-15,0.016318999230861664,0.01810400001704693,0.015714000910520554,0.017548000440001488,0,0
2024-11-16,0.01697400026023388,0.017103999853134155,0.016018999740481377,0.016898000612854958,0,0
2024-11-17,0.01608099974691868,0.017121000215411186,0.015936000272631645,0.01619799993932247,0,0
2024-11-18,0.01669500023126602,0.017544999718666077,0.01606299914419651,0.01608099974691868,0,0
2024-11-19,0.01707099936902523,0.0178849995136261,0.016635999083518982,0.01669500023126602,0,0
2024-11-20,0.01727999933063984,0.018269000574946404,0.016815999522805214,0.01707099936902523,0,0
2024-11-21,0.017945999279618263,0.01882000081241131,0.017098000273108482,0.01727999933063984,0,0
2024-11-22,0.018404999747872353,0.019071999937295914,0.017535999417304993,0.017945999279618263,0,0
2024-11-23,0.018624000251293182,0.019206000491976738,0.017493000254034996,0.018404999747872353,0,0
2024-11-24,0.017570000141859055,0.018722999840974808,0.017156999558210373,0.018624000251293182,0,0
2024-11-25,0.0166229996830225,0.018352000042796135,0.01659799925982952,0.017570000141859055,0,0
2024-11-26,0.016434000805020332,0.017834000289440155,0.01630599983036518,0.0166229996830225,0,0
2024-11-27,0.016860000789165497,0.018107999116182327,0.016334999352693558,0.016434000805020332,0,0
2024-11-28,0.016100000590085983,0.018067000433802605,0.015150000341236591,0.016860000789165497,0,0
2024-11-29,0.015327000059187412,0.01686299964785576,0.015065000392496586,0.016100000590085983,0,0
2024-11-30,0.015285000205039978,0.016189999878406525,0.015135000459849834,0.015327000059187412,0,0
2024-12-01,0.016193000599741936,0.016273999586701393,0.015186999924480915,0.015285000205039978,0,0
2024-12-02,0.01743900030851364,0.018393000587821007,0.014967000111937523,0.016193000599741936,0,0
2024-12-03,0.018308000639081,0.01844399981200695,0.017257999628782272,0.01743900030851364,0,0
2024-12-04,0.020031999796628952,0.02019999921321869,0.017198000103235245,0.018308000639081,0,0
2024-12-05,0.02298099920153618,0.023173000663518906,0.01942799985408783,0.020031999796628952,0,0
2024-12-06,0.021858999505639076,0.023003000766038895,0.021846000105142593,0.02292099967598915,0,0
2024-12-07,0.02403399907052517,0.024980999529361725,0.021831000223755836,0.021858999505639076,0,0
2024-12-08,0.03254000097513199,0.03254000097513199,0.02373800054192543,0.024833999574184418,0,0
2024-12-09,0.031481001526117325,0.03290700167417526,0.030688000842928886,0.03215700015425682,0,0
2024-12-10,0.029927000403404236,0.03523600101470947,0.029371000826358795,0.031481001526117325,0,0
2024-12-11,0.03246999904513359,0.03355100005865097,0.02963699959218502,0.029927000403404236,0,0
2024-12-12,0.03960299864411354,0.03972399979829788,0.032196998596191406,0.03246999904513359,0,0
2024-12-13,0.037994999438524246,0.03965499997138977,0.037105999886989594,0.03960299864411354,0,0
2024-12-14,0.03966100141406059,0.04012700170278549,0.03795100003480911,0.037994999438524246,0,0
2024-12-15,0.04005499929189682,0.040681999176740646,0.03873800113797188,0.03966100141406059,0,0
2024-12-16,0.041485000401735306,0.042006999254226685,0.039438001811504364,0.04005499929189682,0,0
2024-12-17,0.04070400074124336,0.04247500002384186,0.040417999029159546,0.041485000401735306,0,0
2024-12-18,0.038982000201940536,0.041843000799417496,0.03824299946427345,0.04070400074124336,0,0
2024-12-19,0.03669099882245064,0.039882998913526535,0.03583500161767006,0.038982000201940536,0,0
2024-12-20,0.036768000572919846,0.037546999752521515,0.034320998936891556,0.03669099882245064,0,0
2024-12-21,0.03764000162482262,0.037700001150369644,0.036003999412059784,0.036768000572919846,0,0
2024-12-22,0.035840000957250595,0.03765000030398369,0.03566500172019005,0.03764000162482262,0,0
2024-12-23,0.0371909998357296,0.037741001695394516,0.035652998834848404,0.035840000957250595,0,0
2024-12-24,0.0392020009458065,0.0392879992723465,0.03598799929022789,0.0371909998357296,0,0
2024-12-25,0.039197999984025955,0.03926299884915352,0.037748999893665314,0.0392020009458065,0,0
2024-12-26,0.027247000485658646,0.03935699909925461,0.026297999545931816,0.039197999984025955,0,0
2024-12-27,0.026872999966144562,0.027536999434232712,0.02583399973809719,0.027247000485658646,0,0
2024-12-28,0.02279599942266941,0.027042999863624573,0.0225600004196167,0.026872999966144562,0,0
2024-12-29,0.022043000906705856,0.023641999810934067,0.021929999813437462,0.02279599942266941,0,0
2024-12-30,0.0361189991235733,0.03621700033545494,0.021625999361276627,0.022043000906705856,0,0
2024-12-31,0.037519000470638275,0.03810599818825722,0.03539400175213814,0.0361189991235733,0,0
2025-01-01,0.03832000121474266,0.038353998214006424,0.03680099919438362,0.037519000470638275,0,0
2025-01-02,0.023080000653862953,0.03893699869513512,0.022933999076485634,0.03832000121474266,0,0
2025-01-03,0.023303000256419182,0.02427300065755844,0.02287600003182888,0.023080000653862953,0,0
2025-01-04,0.024288000538945198,0.02432899922132492,0.023205000907182693,0.023303000256419182,0,0
2025-01-05,0.024191999807953835,0.024312999099493027,0.023142000660300255,0.024288000538945198,0,0
2025-01-06,0.02437400072813034,0.02536799944937229,0.02338000014424324,0.024191999807953835,0,0
2025-01-07,0.033574000000953674,0.033633001148700714,0.022982999682426453,0.02437400072813034,0,0
2025-01-08,0.02641499973833561,0.03627299889922142,0.026086999103426933,0.033574000000953674,0,0
2025-01-09,0.03338000178337097,0.03540999814867973,0.022041000425815582,0.02641499973833561,0,0
2025-01-10,0.026345999911427498,0.03443999961018562,0.025515999644994736,0.03338000178337097,0,0
2025-01-11,0.026177000254392624,0.027164999395608902,0.02521499991416931,0.026345999911427498,0,0
2025-01-12,0.026158999651670456,0.027282999828457832,0.02594899944961071,0.026177000254392624,0,0
2025-01-13,0.026971999555826187,0.02739500068128109,0.024715999141335487,0.026158999651670456,0,0
2025-01-14,0.027526000514626503,0.02772199921309948,0.026146000251173973,0.026971999555826187,0,0
2025-01-15,0.02483999915421009,0.02786399982869625,0.0239889994263649,0.027526000514626503,0,0
2025-01-16,0.024720000103116035,0.025551000609993935,0.02365499921143055,0.02483999915421009,0,0
2025-01-17,0.025671999901533127,0.025861000642180443,0.023533999919891357,0.024720000103116035,0,0
2025-01-18,0.0253749992698431,0.02626200020313263,0.024111000820994377,0.025671999901533127,0,0
2025-01-19,0.024997999891638756,0.02673099935054779,0.024553000926971436,0.0253749992698431,0,0
2025-01-20,0.018830999732017517,0.028627999126911163,0.015737000852823257,0.024997999891638756,0,0
2025-01-21,0.01869400031864643,0.019717000424861908,0.017681000754237175,0.018830999732017517,0,0
2025-01-22,0.02383599989116192,0.03876499831676483,0.018324000760912895,0.01869400031864643,938428,0
2025-01-23,0.01650499925017357,0.030347000807523727,0.01650499925017357,0.02383599989116192,1051225,0
2025-01-24,0.012215999886393547,0.02049900032579899,0.0096220001578331,0.01650499925017357,756308,0
2025-01-25,0.009844999760389328,0.01257999986410141,0.007567000109702349,0.012215999886393547,482635,0
2025-01-26,0.009197999723255634,0.014268999919295311,0.008426999673247337,0.009844999760389328,518422,0
2025-01-27,0.013650000095367432,0.021410999819636345,0.008562999777495861,0.009197999723255634,1733004,0
2025-01-28,0.009318999946117401,0.01676199957728386,0.00877899955958128,0.013650000095367432,655270,0
2025-01-29,0.009038000367581844,0.012032000347971916,0.007681000046432018,0.009318999946117401,1018314,0
2025-01-30,0.00546600017696619,0.009712999686598778,0.005098999943584204,0.009038000367581844,513907,0
2025-01-31,0.00434499979019165,0.006353999953716993,0.004116999916732311,0.00546600017696619,941836,0
2025-02-01,0.002841999987140298,0.0048329997807741165,0.002196999965235591,0.00434499979019165,812815,0
2025-02-02,0.003335000015795231,0.003916999790817499,0.0023040000814944506,0.002841999987140298,3154661,0
2025-02-03,0.007457000203430653,0.00864300038665533,0.002655999967828393,0.003335000015795231,10907947,0
2025-02-04,0.00710699986666441,0.009875999763607979,0.005119000095874071,0.007457000203430653,2426387,0
2025-02-05,0.006771000102162361,0.010102000087499619,0.00622399989515543,0.00710699986666441,1075788,0
2025-02-06,0.005886999890208244,0.008611000142991543,0.005107000004500151,0.006771000102162361,980585,0
2025-02-07,0.004672999959439039,0.0073830001056194305,0.004414999857544899,0.005886999890208244,834190,0
2025-02-08,0.006411000154912472,0.006701999809592962,0.004672999959439039,0.004672999959439039,891509,0
2025-02-09,0.004920000210404396,0.006647999864071608,0.004290000069886446,0.006411000154912472,665912,0
2025-02-10,0.004832000005990267,0.005510999821126461,0.003914999775588512,0.004920000210404396,574575,0
2025-02-11,0.004881000146269798,0.0070859999395906925,0.004809000063687563,0.004832000005990267,676244,0
2025-02-12,0.002831999910995364,0.005148000083863735,0.0021800000686198473,0.004881000146269798,1757775,0
2025-02-13,0.0014049999881535769,0.0029609999619424343,0.0013599999947473407,0.002831999910995364,580135,0
2025-02-14,0.0016189999878406525,0.0022559999488294125,0.0014049999881535769,0.0014049999881535769,753914,0
2025-02-15,0.0013089999556541443,0.0016720000421628356,0.0011599999852478504,0.0016189999878406525,462981,0
2025-02-16,0.0012540000025182962,0.001433999976143241,0.0012339999666437507,0.0013089999556541443,341589,0
2025-02-17,0.000859999970998615,0.0013229999458417296,0.0008570000063627958,0.0012540000025182962,523175,0
2025-02-18,0.0005699999746866524,0.0008900000248104334,0.000526999996509403,0.000859999970998615,499371,0
2025-02-19,0.000699999975040555,0.0008500000112690032,0.0005699999746866524,0.0005699999746866524,296788,0
2025-02-20,0.0006099999882280827,0.0008200000156648457,0.0006000000284984708,0.000699999975040555,291004,0
2025-02-21,0.0005520000122487545,0.0006699999794363976,0.0005189999938011169,0.0006099999882280827,627802,0
2025-02-22,0.0007699999841861427,0.0008399999933317304,0.0005520000122487545,0.0005520000122487545,282897,0
2025-02-23,0.0006500000017695129,0.000910000002477318,0.0006300000241026282,0.0007699999841861427,210881,0
2025-02-24,0.0005300000193528831,0.000699999975040555,0.0005200000014156103,0.0006500000017695129,961691,0
2025-02-25,0.0005489999894052744,0.0005799999926239252,0.0005000000237487257,0.0005300000193528831,1561406,0
2025-02-26,0.0003699999942909926,0.00056900002527982,0.00035799999022856355,0.0005489999894052744,641562,0
2025-02-27,0.0003549999964889139,0.0004900000058114529,0.0003000000142492354,0.0003699999942909926,520456,0
2025-02-28,0.00041000000783242285,0.0004299999854993075,0.00031999999191612005,0.0003549999964889139,1466885,0
2025-03-01,0.00033999999868683517,0.0004199999966658652,0.00033000000985339284,0.00041000000783242285,306325,0
2025-03-02,0.0004799999878741801,0.0004799999878741801,0.00033000000985339284,0.00033999999868683517,1463072,0
2025-03-03,0.0003009999927598983,0.0004799999878741801,0.000299000006634742,0.0004799999878741801,327872,0
2025-03-04,0.0003499999875202775,0.0003499999875202775,0.0003009999927598983,0.0003009999927598983,222100,0
2025-03-05,0.0003499999875202775,0.0003499999875202775,0.0003499999875202775,0.0003499999875202775,222158,0
2025-03-06,0.0003499999875202775,0.0003499999875202775,0.0003499999875202775,0.0003499999875202775,222203,0
2025-03-07,0.0003499999875202775,0.0003499999875202775,0.0003499999875202775,0.0003499999875202775,222084,0
2025-03-08,0.0003499999875202775,0.0003499999875202775,0.0003499999875202775,0.0003499999875202775,222108,0
2025-03-09,0.0003499999875202775,0.0003499999875202775,0.0003499999875202775,0.0003499999875202775,222063,0
2025-03-10,0.0003499999875202775,0.0003499999875202775,0.0003499999875202775,0.0003499999875202775,222042,0
2025-03-11,0.0003499999875202775,0.0003499999875202775,0.0003499999875202775,0.0003499999875202775,222115,0
2025-03-12,0.0003499999875202775,0.0003499999875202775,0.0003499999875202775,0.0003499999875202775,222128,0
2025-03-13,0.0003499999875202775,0.0003499999875202775,0.0003499999875202775,0.0003499999875202775,222071,0
2025-03-14,0.0003499999875202775,0.0003499999875202775,0.0003499999875202775,0.0003499999875202775,222201,0
2025-03-15,0.0003499999875202775,0.0003499999875202775,0.0003499999875202775,0.0003499999875202775,222170,0
2025-03-16,0.0003499999875202775,0.0003499999875202775,0.0003499999875202775,0.0003499999875202775,222181,0
2025-03-17,0.0003499999875202775,0.0003499999875202775,0.0003499999875202775,0.0003499999875202775,222178,0
2025-03-18,0.0003499999875202775,0.0003499999875202775,0.0003499999875202775,0.0003499999875202775,222130,0
2025-03-19,0.0003499999875202775,0.0003499999875202775,0.0003499999875202775,0.0003499999875202775,222234,0
2025-03-20,0.0003499999875202775,0.0003499999875202775,0.0003499999875202775,0.0003499999875202775,222081,0
2025-03-21,0.0003499999875202775,0.0003499999875202775,0.0003499999875202775,0.0003499999875202775,222101,0
2025-03-22,0.0003499999875202775,0.0003499999875202775,0.0003499999875202775,0.0003499999875202775,222144,0
2025-03-23,0.0003499999875202775,0.0003499999875202775,0.0003499999875202775,0.0003499999875202775,222193,0
2025-03-24,0.0003499999875202775,0.0003499999875202775,0.0003499999875202775,0.0003499999875202775,222212,0
2025-03-25,0.0003499999875202775,0.0003499999875202775,0.0003499999875202775,0.0003499999875202775,222214,0
2025-03-26,0.0003499999875202775,0.0003499999875202775,0.0003499999875202775,0.0003499999875202775,222183,0
2025-03-27,0.0003499999875202775,0.0003499999875202775,0.0003499999875202775,0.0003499999875202775,222116,0
2025-03-28,0.0003499999875202775,0.0003499999875202775,0.0003499999875202775,0.0003499999875202775,222062,0
2025-03-29,0.0003499999875202775,0.0003499999875202775,0.0003499999875202775,0.0003499999875202775,222101,0
2025-03-30,0.0003499999875202775,0.0003499999875202775,0.0003499999875202775,0.0003499999875202775,222134,0
2025-03-31,0.0003499999875202775,0.0003499999875202775,0.0003499999875202775,0.0003499999875202775,222119,0
2025-04-01,0.0003499999875202775,0.0003499999875202775,0.0003499999875202775,0.0003499999875202775,222172,0
2025-04-02,0.0003499999875202775,0.0003499999875202775,0.0003499999875202775,0.0003499999875202775,222111,0
2025-04-03,0.0003499999875202775,0.0003499999875202775,0.0003499999875202775,0.0003499999875202775,222075,0
2025-04-04,0.0003499999875202775,0.0003499999875202775,0.0003499999875202775,0.0003499999875202775,222090,0
2025-04-05,0.0003499999875202775,0.0003499999875202775,0.0003499999875202775,0.0003499999875202775,222079,0
2025-04-06,0.0003499999875202775,0.0003499999875202775,0.0003499999875202775,0.0003499999875202775,221997,0
2025-04-07,0.0003499999875202775,0.0003499999875202775,0.0003499999875202775,0.0003499999875202775,222121,0
2025-04-08,0.0003499999875202775,0.0003499999875202775,0.0003499999875202775,0.0003499999875202775,221956,0
2025-04-09,0.0003499999875202775,0.0003499999875202775,0.0003499999875202775,0.0003499999875202775,222105,0
2025-04-10,0.01820099912583828,0.021229999139904976,0.0003499999875202775,0.0003499999875202775,0,0
2025-04-11,0.01892700046300888,0.019029999151825905,0.017302000895142555,0.01820099912583828,0,0
2025-04-12,0.01871900074183941,0.01964299939572811,0.017992999404668808,0.01892700046300888,0,0
2025-04-13,0.015876000747084618,0.019574999809265137,0.01578499935567379,0.01871900074183941,0,0
2025-04-14,0.016042999923229218,0.017028000205755234,0.015869999304413795,0.015876000747084618,0,0
2025-04-15,0.01662600040435791,0.017191000282764435,0.01580899953842163,0.016042999923229218,0,0
2025-04-16,0.016766000539064407,0.01702599972486496,0.01572299934923649,0.01662600040435791,0,0
2025-04-17,0.016889000311493874,0.016938000917434692,0.01584699936211109,0.016766000539064407,0,0
2025-04-18,0.016852999106049538,0.0169220007956028,0.015991000458598137,0.016889000311493874,0,0
2025-04-19,0.016889000311493874,0.017017999663949013,0.016016999259591103,0.016852999106049538,0,0
2025-04-20,0.017013000324368477,0.01703299954533577,0.015955999493598938,0.016889000311493874,0,0
2025-04-21,0.016600999981164932,0.01762400008738041,0.01640300080180168,0.017013000324368477,0,0
2025-04-22,0.017748000100255013,0.017803000286221504,0.01587899960577488,0.016600999981164932,0,0
2025-04-23,0.017702000215649605,0.017837999388575554,0.016613999381661415,0.017748000100255013,0,0
2025-04-24,0.0177839994430542,0.01779700070619583,0.016566000878810883,0.017702000215649605,0,0
2025-04-25,0.01703299954533577,0.01816999912261963,0.0166849996894598,0.0177839994430542,0,0
2025-04-26,0.017000999301671982,0.018066000193357468,0.01689399965107441,0.01703299954533577,0,0
2025-04-27,0.01780799962580204,0.017938999459147453,0.016844000667333603,0.017000999301671982,0,0
2025-04-28,0.017014000564813614,0.018139999359846115,0.016753999516367912,0.01780799962580204,0,0
2025-04-29,0.01682399958372116,0.01806800067424774,0.01676199957728386,0.017014000564813614,0,0
2025-04-30,0.02423500083386898,0.024260999634861946,0.01677500084042549,0.01682399958372116,0,0
2025-05-01,0.023693999275565147,0.024970000609755516,0.023334000259637833,0.02423500083386898,0,0
2025-05-02,0.02501700073480606,0.02502400055527687,0.023594999685883522,0.023693999275565147,0,0
2025-05-03,0.02475300058722496,0.025028999894857407,0.02380399964749813,0.02501700073480606,0,0
2025-05-04,0.02436400018632412,0.024858999997377396,0.02347400039434433,0.02475300058722496,0,0
2025-05-05,0.023617999628186226,0.024661999195814133,0.02330400049686432,0.02436400018632412,0,0
2025-05-06,0.023693999275565147,0.02453700080513954,0.023135999217629433,0.023617999628186226,0,0
2025-05-07,0.02420799992978573,0.02523699961602688,0.023513000458478928,0.023693999275565147,0,0
2025-05-08,0.025729000568389893,0.026933999732136726,0.024173999205231667,0.02420799992978573,0,0
2025-05-09,0.026415999978780746,0.026746999472379684,0.025311000645160675,0.025729000568389893,0,0
2025-05-10,0.026156000792980194,0.02697099931538105,0.025397000834345818,0.026415999978780746,0,0
2025-05-11,0.02594899944961071,0.027184000238776207,0.02581300027668476,0.026156000792980194,0,0
2025-05-12,0.026657000184059143,0.02729099988937378,0.025188999250531197,0.02594899944961071,0,0
2025-05-13,0.027060000225901604,0.02725300006568432,0.02531999908387661,0.026657000184059143,0,0
2025-05-14,0.025846000760793686,0.027060000225901604,0.025689000263810158,0.027060000225901604,0,0
2025-05-15,0.017514999955892563,0.0265089999884367,0.016184000298380852,0.025846000760793686,0,0
2025-05-16,0.017541000619530678,0.017669999971985817,0.01641100086271763,0.017514999955892563,0,0
2025-05-17,0.01838099956512451,0.019474999979138374,0.016433000564575195,0.017541000619530678,0,0
2025-05-18,0.018962999805808067,0.019992999732494354,0.01838099956512451,0.01838099956512451,0,0
2025-05-19,0.018875999376177788,0.019992999732494354,0.018177000805735588,0.018962999805808067,0,0
2025-05-20,0.020183000713586807,0.020236000418663025,0.0187120009213686,0.018875999376177788,0,0
2025-05-21,0.020455999299883842,0.020580999553203583,0.018811000511050224,0.020183000713586807,0,0
